{
    "version": "0.4",
    "title": "052 Restaurant Lead Magnet",
    "type": "page",
    "content": [
        {
            "id": "227a28a4",
            "settings": {
                "gap": "wide",
                "height": "min-height",
                "custom_height": {
                    "unit": "vh",
                    "size": 100
                },
                "content_position": "middle",
                "background_background": "classic",
                "background_position": "center center",
                "background_attachment": "fixed",
                "background_repeat": "no-repeat",
                "background_size": "cover",
                "custom_height_tablet": {
                    "unit": "px",
                    "size": 600
                },
                "custom_height_mobile": {
                    "unit": "vh",
                    "size": 100
                },
                "content_width": {
                    "unit": "px",
                    "size": 1000
                },
                "background_color": "#000000",
                "background_overlay_background": "classic",
                "background_overlay_image": {
                    "url": "https://raw.githubusercontent.com/muizzahabibi/elementor-image/main/image-kit-landing/bg-restauran-LM.png",
                    "id": 6782
                },
                "background_overlay_position": "center center",
                "background_overlay_attachment": "fixed",
                "background_overlay_repeat": "no-repeat",
                "background_overlay_size": "cover",
                "background_overlay_opacity": {
                    "unit": "px",
                    "size": 1
                },
                "padding_tablet": {
                    "unit": "em",
                    "top": "3",
                    "right": "2",
                    "bottom": "3",
                    "left": "2",
                    "isLinked": false
                },
                "padding_mobile": {
                    "unit": "em",
                    "top": "3",
                    "right": "2",
                    "bottom": "3",
                    "left": "2",
                    "isLinked": false
                }
            },
            "elements": [
                {
                    "id": "49de2ca0",
                    "settings": {
                        "_column_size": 100,
                        "content_position": "center",
                        "padding_mobile": {
                            "unit": "em",
                            "top": "0",
                            "right": "0",
                            "bottom": "0",
                            "left": "0",
                            "isLinked": false
                        },
                        "padding_tablet": {
                            "unit": "px",
                            "top": "0",
                            "right": "0",
                            "bottom": "0",
                            "left": "0",
                            "isLinked": false
                        }
                    },
                    "elements": [
                        {
                            "id": "d476b64",
                            "settings": {
                                "image": {
                                    "url": "https://raw.githubusercontent.com/muizzahabibi/elementor-image/main/image-kit-landing/Header-036-Img-Icon.png",
                                    "id": 6094
                                },
                                "title_text": "The Red Restaurant",
                                "description_text": "",
                                "image_space": {
                                    "unit": "px",
                                    "size": 0
                                },
                                "text_align": "center",
                                "title_color": "#ffffff",
                                "title_typography_typography": "custom",
                                "title_typography_font_family": "Volkhov",
                                "title_typography_font_size": {
                                    "unit": "px",
                                    "size": 18
                                },
                                "title_typography_font_weight": "normal",
                                "title_typography_text_transform": "capitalize",
                                "title_typography_font_style": "normal",
                                "title_typography_text_decoration": "none",
                                "_margin": {
                                    "unit": "%",
                                    "top": "0",
                                    "right": "0",
                                    "bottom": "5",
                                    "left": "0",
                                    "isLinked": false
                                },
                                "image_space_mobile": {
                                    "unit": "px",
                                    "size": 0
                                },
                                "image_size_mobile": {
                                    "unit": "%",
                                    "size": 25
                                },
                                "title_typography_font_size_tablet": {
                                    "unit": "px",
                                    "size": 16
                                },
                                "title_typography_font_size_mobile": {
                                    "unit": "px",
                                    "size": 16
                                },
                                "_margin_mobile": {
                                    "unit": "%",
                                    "top": "0",
                                    "right": "0",
                                    "bottom": "10",
                                    "left": "0",
                                    "isLinked": false
                                }
                            },
                            "elements": [],
                            "isInner": false,
                            "widgetType": "image-box",
                            "elType": "widget"
                        },
                        {
                            "id": "2ed6023a",
                            "settings": {
                                "title": "Dapatkan Kesempatan Memenangkan <font color:\"#E3AC41\">Dinner Gratis</font> Di Red Restaurant",
                                "header_size": "h1",
                                "align": "center",
                                "title_color": "#ffffff",
                                "typography_typography": "custom",
                                "typography_font_family": "Yeseva One",
                                "typography_font_size": {
                                    "unit": "px",
                                    "size": 48
                                },
                                "typography_font_size_tablet": {
                                    "unit": "px",
                                    "size": 40
                                },
                                "typography_font_size_mobile": {
                                    "unit": "px",
                                    "size": 30
                                },
                                "typography_font_weight": "normal",
                                "typography_text_transform": "capitalize",
                                "typography_font_style": "normal",
                                "typography_text_decoration": "none",
                                "typography_line_height_mobile": {
                                    "unit": "em",
                                    "size": 1.5
                                },
                                "typography_line_height": {
                                    "unit": "em",
                                    "size": 1.5
                                }
                            },
                            "elements": [],
                            "isInner": false,
                            "widgetType": "heading",
                            "elType": "widget"
                        },
                        {
                            "id": "187e1637",
                            "settings": {
                                "title": "Yang harus Anda lakukan adalah memasukkan email sebelum batas waktu. Mendaftar juga memberi Anda akses lebih awal ke acara dan diskon khusus kami!",
                                "header_size": "p",
                                "align": "center",
                                "title_color": "rgba(255,255,255,0.8)",
                                "typography_typography": "custom",
                                "typography_font_size": {
                                    "unit": "px",
                                    "size": 16
                                },
                                "typography_font_size_tablet": {
                                    "unit": "px",
                                    "size": 16
                                },
                                "typography_font_size_mobile": {
                                    "unit": "px",
                                    "size": 16
                                },
                                "typography_font_weight": "normal",
                                "typography_text_transform": "none",
                                "typography_font_style": "normal",
                                "typography_text_decoration": "none",
                                "typography_line_height": {
                                    "unit": "em",
                                    "size": 2
                                }
                            },
                            "elements": [],
                            "isInner": false,
                            "widgetType": "heading",
                            "elType": "widget"
                        },
                        {
                            "id": "45c48fb9",
                            "settings": {
                                "text": "Saya Mau Dinner Gratis",
                                "align": "center",
                                "size": "lg",
                                "background_color": "#e3ac41",
                                "button_background_hover_color": "#d67413",
                                "hover_animation": "grow",
                                "fb_value": "0"
                            },
                            "elements": [],
                            "isInner": false,
                            "widgetType": "button",
                            "elType": "widget"
                        },
                        {
                            "id": "5fc0047b",
                            "settings": {
                                "icon": "fa fa-angle-down",
                                "link": {
                                    "url": "#homepage",
                                    "is_external": "",
                                    "nofollow": ""
                                },
                                "primary_color": "#ffffff",
                                "size": {
                                    "unit": "px",
                                    "size": 35
                                },
                                "hover_animation": "hang",
                                "_margin": {
                                    "unit": "%",
                                    "top": "5",
                                    "right": "0",
                                    "bottom": "0",
                                    "left": "0",
                                    "isLinked": false
                                }
                            },
                            "elements": [],
                            "isInner": false,
                            "widgetType": "icon",
                            "elType": "widget"
                        }
                    ],
                    "isInner": false,
                    "elType": "column"
                }
            ],
            "isInner": false,
            "elType": "section"
        },
        {
            "id": "70b1d79c",
            "settings": {
                "gap": "wide",
                "custom_height": {
                    "unit": "vh",
                    "size": 100
                },
                "content_position": "middle",
                "html_tag": "section",
                "background_background": "classic",
                "background_position": "center center",
                "background_attachment": "fixed",
                "background_repeat": "no-repeat",
                "background_size": "cover",
                "custom_height_tablet": {
                    "unit": "vh",
                    "size": 70
                },
                "custom_height_mobile": {
                    "unit": "vh",
                    "size": 100
                },
                "content_width": {
                    "unit": "px",
                    "size": 1000
                },
                "background_overlay_background": "classic",
                "background_overlay_position": "center center",
                "background_overlay_attachment": "fixed",
                "background_overlay_repeat": "no-repeat",
                "background_overlay_size": "cover",
                "background_overlay_opacity": {
                    "unit": "px",
                    "size": 1
                },
                "padding": {
                    "unit": "em",
                    "top": "3",
                    "right": "0",
                    "bottom": "3",
                    "left": "0",
                    "isLinked": false
                },
                "padding_tablet": {
                    "unit": "em",
                    "top": "3",
                    "right": "2",
                    "bottom": "3",
                    "left": "2",
                    "isLinked": false
                },
                "padding_mobile": {
                    "unit": "em",
                    "top": "0",
                    "right": "2",
                    "bottom": "0",
                    "left": "2",
                    "isLinked": false
                }
            },
            "elements": [
                {
                    "id": "4a0e1a25",
                    "settings": {
                        "_column_size": 100,
                        "content_position": "center",
                        "padding_tablet": {
                            "unit": "px",
                            "top": "0",
                            "right": "0",
                            "bottom": "0",
                            "left": "0",
                            "isLinked": false
                        },
                        "padding_mobile": {
                            "unit": "px",
                            "top": "0",
                            "right": "0",
                            "bottom": "0",
                            "left": "0",
                            "isLinked": false
                        }
                    },
                    "elements": [
                        {
                            "id": "76541867",
                            "settings": {
                                "intro": "Kontes berakhir Dalam",
                                "intro_color": "#ffffff",
                                "intro_typography_typography": "custom",
                                "intro_typography_font_size": {
                                    "unit": "px",
                                    "size": 18
                                },
                                "intro_typography_font_weight": "800",
                                "intro_typography_text_transform": "capitalize",
                                "month": "12",
                                "year": "2020"
                            },
                            "elements": [],
                            "isInner": false,
                            "widgetType": "countdown_simple",
                            "elType": "widget"
                        }
                    ],
                    "isInner": false,
                    "elType": "column"
                }
            ],
            "isInner": false,
            "elType": "section"
        },
        {
            "id": "14d757f9",
            "settings": {
                "section_layout": "",
                "content_width": {
                    "unit": "px",
                    "size": 1000
                },
                "section_background": "",
                "background_background": "classic",
                "background_overlay_section": "",
                "section_border": "",
                "box_shadow_box_shadow": {
                    "horizontal": 0,
                    "vertical": 0,
                    "blur": 10,
                    "spread": 0,
                    "inset": "",
                    "color": "rgba(0,0,0,0.5)"
                },
                "section_typo": "",
                "section_advanced": "",
                "_section_responsive": "",
                "heading_visibility": "",
                "responsive_description": "",
                "section_custom_css_pro": "",
                "custom_css_pro": "",
                "html_tag": "section",
                "padding_tablet": {
                    "unit": "em",
                    "top": "0",
                    "right": "2",
                    "bottom": "0",
                    "left": "2",
                    "isLinked": false
                },
                "padding_mobile": {
                    "unit": "em",
                    "top": "3",
                    "right": "2",
                    "bottom": "3",
                    "left": "2",
                    "isLinked": false
                }
            },
            "elements": [
                {
                    "id": "5b7ef75e",
                    "settings": {
                        "_column_size": 100,
                        "_inline_size": null,
                        "section_style": "",
                        "background_background": "classic",
                        "background_color": "#242222",
                        "border_radius": {
                            "unit": "px",
                            "top": "15",
                            "right": "15",
                            "bottom": "15",
                            "left": "15",
                            "isLinked": true
                        },
                        "box_shadow_box_shadow": {
                            "horizontal": 0,
                            "vertical": 0,
                            "blur": 10,
                            "spread": 0,
                            "inset": "",
                            "color": "rgba(0,0,0,0.5)"
                        },
                        "section_typo": "",
                        "section_advanced": "",
                        "padding": {
                            "unit": "em",
                            "top": "3",
                            "right": "3",
                            "bottom": "3",
                            "left": "3",
                            "isLinked": true
                        },
                        "section_responsive": "",
                        "screen_xs": "default",
                        "screen_xs_width": "100",
                        "section_custom_css_pro": "",
                        "custom_css_pro": "",
                        "padding_mobile": {
                            "unit": "em",
                            "top": "2",
                            "right": "2",
                            "bottom": "2",
                            "left": "2",
                            "isLinked": true
                        }
                    },
                    "elements": [
                        {
                            "id": "55f0b32c",
                            "settings": {
                                "title": "Masukan Email Untuk Memenangkan Dinner Gratis Di Red Restaurant",
                                "header_size": "p",
                                "align": "center",
                                "title_color": "#ffffff",
                                "typography_typography": "custom",
                                "typography_font_family": "Yeseva One",
                                "typography_font_size": {
                                    "unit": "px",
                                    "size": 26
                                },
                                "typography_font_size_tablet": {
                                    "unit": "px",
                                    "size": 24
                                },
                                "typography_font_size_mobile": {
                                    "unit": "px",
                                    "size": 20
                                },
                                "typography_font_weight": "normal",
                                "typography_text_transform": "capitalize",
                                "typography_font_style": "normal",
                                "typography_text_decoration": "none",
                                "typography_line_height_mobile": {
                                    "unit": "em",
                                    "size": 1.5
                                },
                                "typography_line_height": {
                                    "unit": "em",
                                    "size": 1.5
                                },
                                "_padding": {
                                    "unit": "em",
                                    "top": "0",
                                    "right": "10",
                                    "bottom": "0",
                                    "left": "10",
                                    "isLinked": false
                                },
                                "_padding_tablet": {
                                    "unit": "px",
                                    "top": "0",
                                    "right": "0",
                                    "bottom": "0",
                                    "left": "0",
                                    "isLinked": false
                                }
                            },
                            "elements": [],
                            "isInner": false,
                            "widgetType": "heading",
                            "elType": "widget"
                        },
                        {
                            "id": "4f5bffcb",
                            "settings": {
                                "section_optin": "",
                                "optin": "<form method='post' action=''>\n<div>\n<input type='text' id='email_address' name='email_address' value='' placeholder=\"Alamat email\">\n</div>\n<div>\n<input type='text' id='name' name='name' value='' placeholder=\"Nama Lengkap\">\n</div>\n<div>\n<input type='submit' value='Saya Mau Dinner Gratis'>\n</div>\n</form>\n",
                                "optin_display": "inline",
                                "button_width": "default",
                                "section_label_style": "",
                                "label_typography_line_height_tablet": {
                                    "unit": "em",
                                    "size": ""
                                },
                                "label_typography_line_height_mobile": {
                                    "unit": "em",
                                    "size": ""
                                },
                                "section_input_style": "",
                                "input_typography_line_height_tablet": {
                                    "unit": "em",
                                    "size": ""
                                },
                                "input_typography_line_height_mobile": {
                                    "unit": "em",
                                    "size": ""
                                },
                                "input_background_color": "#e2e2e2",
                                "section_button_style": "",
                                "typography_line_height_tablet": {
                                    "unit": "em",
                                    "size": ""
                                },
                                "typography_line_height_mobile": {
                                    "unit": "em",
                                    "size": ""
                                },
                                "background_color": "#e3ac41",
                                "section_button_hover": "",
                                "button_background_hover_color": "#e28614",
                                "hover_animation": "grow",
                                "_section_style": "",
                                "_margin": {
                                    "unit": "px",
                                    "top": "0",
                                    "right": "0",
                                    "bottom": "0",
                                    "left": "0",
                                    "isLinked": false
                                },
                                "_padding": {
                                    "unit": "px",
                                    "top": "0",
                                    "right": "0",
                                    "bottom": "0",
                                    "left": "0",
                                    "isLinked": false
                                },
                                "_section_background": "",
                                "_box_shadow_box_shadow": {
                                    "horizontal": 0,
                                    "vertical": 0,
                                    "blur": 10,
                                    "spread": 0,
                                    "inset": "",
                                    "color": "rgba(0,0,0,0.5)"
                                },
                                "_section_responsive": "",
                                "responsive_description": "",
                                "section_custom_css_pro": "",
                                "custom_css_pro": "",
                                "optin_width": {
                                    "unit": "px",
                                    "size": 300
                                },
                                "input_text_padding": {
                                    "unit": "em",
                                    "top": "1.5",
                                    "right": "1.5",
                                    "bottom": "1.5",
                                    "left": "1.5",
                                    "isLinked": true
                                },
                                "text_padding": {
                                    "unit": "em",
                                    "top": "1.5",
                                    "right": "1.5",
                                    "bottom": "1.5",
                                    "left": "1.5",
                                    "isLinked": true
                                },
                                "_padding_mobile": {
                                    "unit": "px",
                                    "top": "0",
                                    "right": "0",
                                    "bottom": "0",
                                    "left": "0",
                                    "isLinked": false
                                }
                            },
                            "elements": [],
                            "isInner": false,
                            "widgetType": "optin",
                            "elType": "widget"
                        }
                    ],
                    "isInner": false,
                    "elType": "column"
                }
            ],
            "isInner": false,
            "elType": "section"
        },
        {
            "id": "4b671116",
            "settings": {
                "gap": "wide",
                "custom_height": {
                    "unit": "vh",
                    "size": 100
                },
                "content_position": "middle",
                "background_background": "classic",
                "background_position": "center center",
                "background_attachment": "fixed",
                "background_repeat": "no-repeat",
                "background_size": "cover",
                "custom_height_tablet": {
                    "unit": "vh",
                    "size": 70
                },
                "custom_height_mobile": {
                    "unit": "vh",
                    "size": 100
                },
                "content_width": {
                    "unit": "px",
                    "size": 1000
                },
                "background_overlay_background": "classic",
                "background_overlay_position": "center center",
                "background_overlay_attachment": "fixed",
                "background_overlay_repeat": "no-repeat",
                "background_overlay_size": "cover",
                "background_overlay_opacity": {
                    "unit": "px",
                    "size": 1
                },
                "padding": {
                    "unit": "em",
                    "top": "3",
                    "right": "0",
                    "bottom": "3",
                    "left": "0",
                    "isLinked": false
                },
                "padding_tablet": {
                    "unit": "em",
                    "top": "3",
                    "right": "2",
                    "bottom": "0",
                    "left": "2",
                    "isLinked": false
                },
                "padding_mobile": {
                    "unit": "em",
                    "top": "0",
                    "right": "2",
                    "bottom": "2",
                    "left": "2",
                    "isLinked": false
                }
            },
            "elements": [
                {
                    "id": "1bf99cf8",
                    "settings": {
                        "_column_size": 100,
                        "content_position": "center",
                        "padding_mobile": {
                            "unit": "px",
                            "top": "0",
                            "right": "0",
                            "bottom": "0",
                            "left": "0",
                            "isLinked": false
                        }
                    },
                    "elements": [
                        {
                            "id": "866f91b",
                            "settings": {
                                "title": "Disclaimer Syarat dan ketentuan berlaku. Semua pajak federal, negara bagian, atau lokal yang terkait dengan harga ini sepenuhnya menjadi tanggung jawab pemenang.",
                                "header_size": "p",
                                "align": "center",
                                "title_color": "rgba(255,255,255,0.8)",
                                "typography_typography": "custom",
                                "typography_font_size": {
                                    "unit": "px",
                                    "size": 16
                                },
                                "typography_font_size_tablet": {
                                    "unit": "px",
                                    "size": 14
                                },
                                "typography_font_size_mobile": {
                                    "unit": "px",
                                    "size": 14
                                },
                                "typography_font_weight": "normal",
                                "typography_text_transform": "none",
                                "typography_font_style": "normal",
                                "typography_text_decoration": "none",
                                "typography_line_height": {
                                    "unit": "em",
                                    "size": 2
                                }
                            },
                            "elements": [],
                            "isInner": false,
                            "widgetType": "heading",
                            "elType": "widget"
                        },
                        {
                            "id": "589e50e0",
                            "settings": {
                                "color": "rgba(255,255,255,0.41)",
                                "text": "Divider"
                            },
                            "elements": [],
                            "isInner": false,
                            "widgetType": "divider",
                            "elType": "widget"
                        },
                        {
                            "id": "2e2f7832",
                            "settings": {
                                "title": "Copyright \u00a92019 The Red Restaurant",
                                "header_size": "p",
                                "align": "center",
                                "title_color": "rgba(255,255,255,0.8)",
                                "typography_typography": "custom",
                                "typography_font_size": {
                                    "unit": "px",
                                    "size": 12
                                },
                                "typography_font_size_tablet": {
                                    "unit": "px",
                                    "size": 12
                                },
                                "typography_font_size_mobile": {
                                    "unit": "px",
                                    "size": 12
                                },
                                "typography_font_weight": "normal",
                                "typography_text_transform": "none",
                                "typography_font_style": "normal",
                                "typography_text_decoration": "none",
                                "typography_line_height": {
                                    "unit": "em",
                                    "size": 2
                                }
                            },
                            "elements": [],
                            "isInner": false,
                            "widgetType": "heading",
                            "elType": "widget"
                        }
                    ],
                    "isInner": false,
                    "elType": "column"
                }
            ],
            "isInner": false,
            "elType": "section"
        }
    ],
    "page_settings": {
        "background_background": "classic",
        "background_color": "#131111",
        "template": "elementor_canvas"
    }
}
