{
    "version": "0.4",
    "title": "051 Swipe File Lead Magnet",
    "type": "page",
    "content": [
        {
            "id": "e51de10",
            "settings": {
                "layout": "full_width",
                "gap": "no",
                "content_position": "middle",
                "background_background": "classic",
                "background_color": "#425cbb",
                "background_image": {
                    "url": "https://raw.githubusercontent.com/muizzahabibi/elementor-image/main/image-kit-landing/Header-Swipe-Img-BG.png",
                    "id": 6918
                },
                "background_position": "center center",
                "background_attachment": "fixed",
                "background_repeat": "no-repeat",
                "background_size": "cover",
                "margin": {
                    "unit": "px",
                    "top": "0",
                    "right": 0,
                    "bottom": "0",
                    "left": 0,
                    "isLinked": true
                },
                "padding": {
                    "unit": "em",
                    "top": "0",
                    "right": "0",
                    "bottom": "0",
                    "left": "0",
                    "isLinked": true
                }
            },
            "elements": [
                {
                    "id": "419880ee",
                    "settings": {
                        "_column_size": 100
                    },
                    "elements": [
                        {
                            "id": "57b62676",
                            "settings": {
                                "gap": "wide",
                                "content_position": "middle",
                                "html_tag": "div",
                                "background_background": "classic",
                                "background_color": "rgba(36,36,36,0.25)",
                                "padding": {
                                    "unit": "em",
                                    "top": "02.5",
                                    "right": "0",
                                    "bottom": "2.5",
                                    "left": "0",
                                    "isLinked": false
                                },
                                "margin": {
                                    "unit": "px",
                                    "top": "0",
                                    "right": 0,
                                    "bottom": "0",
                                    "left": 0,
                                    "isLinked": false
                                }
                            },
                            "elements": [
                                {
                                    "id": "634d5d72",
                                    "settings": {
                                        "_column_size": 100,
                                        "_inline_size": null,
                                        "padding_mobile": {
                                            "unit": "em",
                                            "top": "0",
                                            "right": "2",
                                            "bottom": "0",
                                            "left": "2",
                                            "isLinked": false
                                        }
                                    },
                                    "elements": [
                                        {
                                            "id": "57b97a8c",
                                            "settings": {
                                                "title": "Swipe File Gratis untuk Copywriter, Freelancer,<br>Desainer & Digital Marketer",
                                                "header_size": "h1",
                                                "align": "center",
                                                "title_color": "#ffffff",
                                                "typography_typography": "custom",
                                                "typography_font_family": "Poppins",
                                                "typography_font_size": {
                                                    "unit": "px",
                                                    "size": 36
                                                },
                                                "typography_font_weight": "bold",
                                                "typography_text_transform": "none",
                                                "typography_font_style": "normal",
                                                "typography_text_decoration": "none",
                                                "typography_line_height": {
                                                    "unit": "em",
                                                    "size": 1.5
                                                },
                                                "typography_font_size_mobile": {
                                                    "unit": "px",
                                                    "size": 30
                                                },
                                                "align_mobile": "left"
                                            },
                                            "elements": [],
                                            "isInner": false,
                                            "widgetType": "heading",
                                            "elType": "widget"
                                        }
                                    ],
                                    "isInner": true,
                                    "elType": "column"
                                }
                            ],
                            "isInner": true,
                            "elType": "section"
                        },
                        {
                            "id": "524de200",
                            "settings": {
                                "gap": "wide",
                                "content_position": "middle",
                                "html_tag": "div",
                                "structure": "20",
                                "shape_divider_top": "arrow",
                                "shape_divider_top_color": "rgba(36,36,36,0.25)",
                                "padding": {
                                    "unit": "em",
                                    "top": "4.5",
                                    "right": "0",
                                    "bottom": "4.5",
                                    "left": "0",
                                    "isLinked": false
                                },
                                "shape_divider_top_width_mobile": {
                                    "unit": "%",
                                    "size": 300
                                },
                                "shape_divider_top_height_mobile": {
                                    "unit": "px",
                                    "size": 15
                                },
                                "padding_mobile": {
                                    "unit": "em",
                                    "top": "3",
                                    "right": "0",
                                    "bottom": "3",
                                    "left": "0",
                                    "isLinked": false
                                }
                            },
                            "elements": [
                                {
                                    "id": "2193a163",
                                    "settings": {
                                        "_column_size": 50,
                                        "_inline_size": null,
                                        "content_position": "top",
                                        "html_tag": "div",
                                        "padding_mobile": {
                                            "unit": "em",
                                            "top": "0",
                                            "right": "2",
                                            "bottom": "2",
                                            "left": "2",
                                            "isLinked": false
                                        }
                                    },
                                    "elements": [
                                        {
                                            "id": "4d215ed6",
                                            "settings": {
                                                "editor": "<p>Lorem ipsum dolor sit amet, consectetur adipiscing elit. Suspendisse ultricies convallis nisi, ac mollis est rhoncus at. Quisque at semper mauris</p>",
                                                "align": "left",
                                                "text_color": "rgba(255,255,255,0.68)",
                                                "typography_typography": "custom",
                                                "typography_font_family": "Nunito Sans",
                                                "typography_font_size": {
                                                    "unit": "px",
                                                    "size": 16
                                                },
                                                "typography_font_weight": "normal",
                                                "typography_text_transform": "none",
                                                "typography_font_style": "normal",
                                                "typography_line_height": {
                                                    "unit": "em",
                                                    "size": 2
                                                },
                                                "align_mobile": "left"
                                            },
                                            "elements": [],
                                            "isInner": false,
                                            "widgetType": "text-editor",
                                            "elType": "widget"
                                        },
                                        {
                                            "id": "7585abff",
                                            "settings": {
                                                "title": "Anda Akan Mendapatkan",
                                                "header_size": "span",
                                                "align": "left",
                                                "title_color": "#ffffff",
                                                "typography_typography": "custom",
                                                "typography_font_family": "Poppins",
                                                "typography_font_size": {
                                                    "unit": "px",
                                                    "size": 18
                                                },
                                                "typography_font_weight": "bold",
                                                "typography_text_transform": "none",
                                                "typography_font_style": "normal",
                                                "typography_line_height": {
                                                    "unit": "em",
                                                    "size": 1.5
                                                },
                                                "align_mobile": "left"
                                            },
                                            "elements": [],
                                            "isInner": false,
                                            "widgetType": "heading",
                                            "elType": "widget"
                                        },
                                        {
                                            "id": "c397b1d",
                                            "settings": {
                                                "icon_list": [
                                                    {
                                                        "text": "Lorem ipsum dolor sit amet, consectetur adipiscing elit.",
                                                        "icon": "fa fa-check",
                                                        "_id": "9eb52bc",
                                                        "link": {
                                                            "url": "",
                                                            "is_external": "",
                                                            "nofollow": ""
                                                        }
                                                    },
                                                    {
                                                        "text": "Lorem ipsum dolor sit amet, consectetur adipiscing elit.",
                                                        "icon": "fa fa-check",
                                                        "_id": "c44ab0b",
                                                        "link": {
                                                            "url": "",
                                                            "is_external": "",
                                                            "nofollow": ""
                                                        }
                                                    },
                                                    {
                                                        "text": "Lorem ipsum dolor sit amet, consectetur adipiscing elit.",
                                                        "icon": "fa fa-check",
                                                        "_id": "3384f3f",
                                                        "link": {
                                                            "url": "",
                                                            "is_external": "",
                                                            "nofollow": ""
                                                        }
                                                    }
                                                ],
                                                "space_between": {
                                                    "unit": "px",
                                                    "size": 20
                                                },
                                                "icon_align": "left",
                                                "icon_color": "#69f07f",
                                                "icon_size": {
                                                    "unit": "px",
                                                    "size": 20
                                                },
                                                "text_indent": {
                                                    "unit": "px",
                                                    "size": 15
                                                },
                                                "text_color": "rgba(255,255,255,0.68)",
                                                "icon_typography_typography": "custom",
                                                "icon_typography_font_family": "Nunito Sans",
                                                "icon_typography_font_size": {
                                                    "unit": "px",
                                                    "size": 16
                                                },
                                                "icon_typography_font_weight": "normal",
                                                "icon_typography_text_transform": "none",
                                                "icon_typography_font_style": "normal",
                                                "icon_typography_line_height": {
                                                    "unit": "em",
                                                    "size": 1.5
                                                },
                                                "_margin_mobile": {
                                                    "unit": "%",
                                                    "top": "",
                                                    "right": "",
                                                    "bottom": "",
                                                    "left": "",
                                                    "isLinked": true
                                                }
                                            },
                                            "elements": [],
                                            "isInner": false,
                                            "widgetType": "icon-list",
                                            "elType": "widget"
                                        }
                                    ],
                                    "isInner": true,
                                    "elType": "column"
                                },
                                {
                                    "id": "23082079",
                                    "settings": {
                                        "_column_size": 50,
                                        "_inline_size": null,
                                        "content_position": "top",
                                        "html_tag": "div",
                                        "background_background": "classic",
                                        "background_color": "#ffffff",
                                        "border_radius": {
                                            "unit": "px",
                                            "top": "5",
                                            "right": "5",
                                            "bottom": "5",
                                            "left": "5",
                                            "isLinked": true
                                        },
                                        "margin": {
                                            "unit": "%",
                                            "top": "0",
                                            "right": "0",
                                            "bottom": "0",
                                            "left": "0",
                                            "isLinked": false
                                        },
                                        "padding": {
                                            "unit": "em",
                                            "top": "03",
                                            "right": "2.5",
                                            "bottom": "3",
                                            "left": "2.5",
                                            "isLinked": false
                                        },
                                        "margin_tablet": {
                                            "unit": "px",
                                            "top": "10",
                                            "right": "10",
                                            "bottom": "10",
                                            "left": "10",
                                            "isLinked": true
                                        },
                                        "margin_mobile": {
                                            "unit": "px",
                                            "top": "15",
                                            "right": "15",
                                            "bottom": "15",
                                            "left": "15",
                                            "isLinked": true
                                        },
                                        "padding_tablet": {
                                            "unit": "em",
                                            "top": "3",
                                            "right": "1",
                                            "bottom": "3",
                                            "left": "1",
                                            "isLinked": false
                                        },
                                        "padding_mobile": {
                                            "unit": "em",
                                            "top": "1.5",
                                            "right": "1.5",
                                            "bottom": "1.5",
                                            "left": "1.5",
                                            "isLinked": true
                                        }
                                    },
                                    "elements": [
                                        {
                                            "id": "2a81c91",
                                            "settings": {
                                                "title": "Cukup Anda Masukkan Nama Lengkap<br>dan Email Aktif Anda dibawah ini:",
                                                "header_size": "p",
                                                "align": "center",
                                                "title_color": "#3b4254",
                                                "typography_typography": "custom",
                                                "typography_font_family": "Nunito Sans",
                                                "typography_font_size": {
                                                    "unit": "px",
                                                    "size": 16
                                                },
                                                "typography_font_weight": "bold",
                                                "typography_text_transform": "none",
                                                "typography_font_style": "normal",
                                                "typography_line_height": {
                                                    "unit": "em",
                                                    "size": 1.5
                                                },
                                                "typography_font_size_mobile": {
                                                    "unit": "px",
                                                    "size": 14
                                                }
                                            },
                                            "elements": [],
                                            "isInner": false,
                                            "widgetType": "heading",
                                            "elType": "widget"
                                        },
                                        {
                                            "id": "2328d0c8",
                                            "settings": {
                                                "optin": "<form method='post' action=''>\n<div>\n<input type='text' id='email_address' name='email_address' value='' placeholder=\"Alamat email\">\n</div>\n<div>\n<input type='text' id='name' name='name' value='' placeholder=\"Nama Lengkap\">\n</div>\n<div>\n<input type='submit' value='Ya, Saya Mau Swipe'>\n</div>\n</form>\n",
                                                "optin_width": {
                                                    "unit": "px",
                                                    "size": 320
                                                },
                                                "button_width": "input",
                                                "input_text_color": "#3b4254",
                                                "input_typography_typography": "custom",
                                                "input_typography_font_family": "Nunito Sans",
                                                "input_typography_font_size": {
                                                    "unit": "px",
                                                    "size": 14
                                                },
                                                "input_typography_font_weight": "normal",
                                                "input_typography_text_transform": "none",
                                                "input_typography_font_style": "normal",
                                                "input_typography_line_height": {
                                                    "unit": "em",
                                                    "size": 2
                                                },
                                                "input_background_color": "#ffffff",
                                                "input_border_border": "solid",
                                                "input_border_width": {
                                                    "unit": "px",
                                                    "top": "1",
                                                    "right": "1",
                                                    "bottom": "1",
                                                    "left": "1",
                                                    "isLinked": true
                                                },
                                                "input_border_color": "#cccccc",
                                                "input_text_padding": {
                                                    "unit": "em",
                                                    "top": "1",
                                                    "right": "1",
                                                    "bottom": "1",
                                                    "left": "1",
                                                    "isLinked": true
                                                },
                                                "button_text_color": "#ffffff",
                                                "typography_typography": "custom",
                                                "typography_font_family": "Acme",
                                                "typography_font_size": {
                                                    "unit": "px",
                                                    "size": 16
                                                },
                                                "background_color": "#ff6150",
                                                "text_padding": {
                                                    "unit": "em",
                                                    "top": "1.5",
                                                    "right": "0",
                                                    "bottom": "1.5",
                                                    "left": "0",
                                                    "isLinked": false
                                                },
                                                "optin_display": "fullwidth"
                                            },
                                            "elements": [],
                                            "isInner": false,
                                            "widgetType": "optin",
                                            "elType": "widget"
                                        }
                                    ],
                                    "isInner": true,
                                    "elType": "column"
                                }
                            ],
                            "isInner": true,
                            "elType": "section"
                        }
                    ],
                    "isInner": false,
                    "elType": "column"
                }
            ],
            "isInner": false,
            "elType": "section"
        },
        {
            "id": "5653f26e",
            "settings": {
                "gap": "wide",
                "content_position": "middle",
                "html_tag": "section",
                "padding": {
                    "unit": "em",
                    "top": "4.5",
                    "right": "0",
                    "bottom": "4.5",
                    "left": "0",
                    "isLinked": false
                },
                "padding_mobile": {
                    "unit": "em",
                    "top": "3",
                    "right": "0",
                    "bottom": "3",
                    "left": "0",
                    "isLinked": false
                }
            },
            "elements": [
                {
                    "id": "50133eb2",
                    "settings": {
                        "_column_size": 100,
                        "padding_mobile": {
                            "unit": "em",
                            "top": "0",
                            "right": "2",
                            "bottom": "0",
                            "left": "2",
                            "isLinked": false
                        }
                    },
                    "elements": [
                        {
                            "id": "11005a4b",
                            "settings": {
                                "title": "Berikut Contoh Swipe File",
                                "header_size": "h3",
                                "align": "center",
                                "title_color": "#323c60",
                                "typography_typography": "custom",
                                "typography_font_family": "Poppins",
                                "typography_font_size": {
                                    "unit": "px",
                                    "size": 24
                                },
                                "typography_font_weight": "bold",
                                "typography_text_transform": "none",
                                "typography_font_style": "normal",
                                "typography_line_height": {
                                    "unit": "em",
                                    "size": 1.5
                                },
                                "typography_font_size_mobile": {
                                    "unit": "px",
                                    "size": 20
                                }
                            },
                            "elements": [],
                            "isInner": false,
                            "widgetType": "heading",
                            "elType": "widget"
                        },
                        {
                            "id": "25689cdb",
                            "settings": {
                                "carousel": [
                                    {
                                        "id": 6975,
                                        "url": "https://raw.githubusercontent.com/muizzahabibi/elementor-image/main/image-kit-landing/s1.png"
                                    },
                                    {
                                        "id": 6976,
                                        "url": "https://raw.githubusercontent.com/muizzahabibi/elementor-image/main/image-kit-landing/s1-1.png"
                                    },
                                    {
                                        "id": 6977,
                                        "url": "https://raw.githubusercontent.com/muizzahabibi/elementor-image/main/image-kit-landing/s1-2.png"
                                    },
                                    {
                                        "id": 6979,
                                        "url": "https://raw.githubusercontent.com/muizzahabibi/elementor-image/main/image-kit-landing/s1-Copy.png"
                                    }
                                ],
                                "thumbnail_size": "medium",
                                "slides_to_show": "3",
                                "slides_to_scroll": "1",
                                "navigation": "dots",
                                "arrows_position": "outside",
                                "arrows_size": {
                                    "unit": "px",
                                    "size": 35
                                },
                                "arrows_color": "#425cbb",
                                "dots_size": {
                                    "unit": "px",
                                    "size": 10
                                },
                                "dots_color": "#425cbb",
                                "image_spacing_custom": {
                                    "unit": "px",
                                    "size": 0
                                },
                                "_margin": {
                                    "unit": "%",
                                    "top": "",
                                    "right": "",
                                    "bottom": "",
                                    "left": "",
                                    "isLinked": true
                                }
                            },
                            "elements": [],
                            "isInner": false,
                            "widgetType": "image-carousel",
                            "elType": "widget"
                        }
                    ],
                    "isInner": false,
                    "elType": "column"
                }
            ],
            "isInner": false,
            "elType": "section"
        },
        {
            "id": "54e4e35b",
            "settings": {
                "gap": "wide",
                "content_position": "middle",
                "background_background": "classic",
                "background_color": "#425cbb",
                "padding": {
                    "unit": "em",
                    "top": "4.5",
                    "right": "0",
                    "bottom": "0",
                    "left": "0",
                    "isLinked": false
                },
                "background_image": {
                    "url": "https://raw.githubusercontent.com/muizzahabibi/elementor-image/main/image-kit-landing/Footer-Swipe-Img-BG.png",
                    "id": 6922
                },
                "background_position": "bottom center",
                "background_attachment": "fixed",
                "background_repeat": "no-repeat",
                "background_size": "cover",
                "padding_mobile": {
                    "unit": "px",
                    "top": "0",
                    "right": "0",
                    "bottom": "0",
                    "left": "0",
                    "isLinked": false
                }
            },
            "elements": [
                {
                    "id": "59f33f26",
                    "settings": {
                        "_column_size": 100,
                        "content_position": "center",
                        "html_tag": "div",
                        "background_background": "classic",
                        "background_color": "rgba(33,45,87,0.28)",
                        "padding": {
                            "unit": "em",
                            "top": "4",
                            "right": "4",
                            "bottom": "4",
                            "left": "4",
                            "isLinked": true
                        },
                        "border_border": "dashed",
                        "border_width": {
                            "unit": "px",
                            "top": "0.5",
                            "right": "0.5",
                            "bottom": "0.5",
                            "left": "0.5",
                            "isLinked": true
                        },
                        "border_color": "#ffffff",
                        "padding_mobile": {
                            "unit": "em",
                            "top": "3",
                            "right": "2",
                            "bottom": "3",
                            "left": "2",
                            "isLinked": false
                        }
                    },
                    "elements": [
                        {
                            "id": "2a9162f1",
                            "settings": {
                                "title": "Dapatkan Update Swipe File Gratis",
                                "header_size": "h3",
                                "align": "left",
                                "title_color": "#ffffff",
                                "typography_typography": "custom",
                                "typography_font_family": "Poppins",
                                "typography_font_size": {
                                    "unit": "px",
                                    "size": 24
                                },
                                "typography_font_weight": "bold",
                                "typography_text_transform": "none",
                                "typography_font_style": "normal",
                                "typography_line_height": {
                                    "unit": "em",
                                    "size": 1.5
                                },
                                "align_mobile": "left",
                                "_padding": {
                                    "unit": "px",
                                    "top": "0",
                                    "right": "0",
                                    "bottom": "0",
                                    "left": "15",
                                    "isLinked": false
                                },
                                "_padding_mobile": {
                                    "unit": "px",
                                    "top": "0",
                                    "right": "0",
                                    "bottom": "0",
                                    "left": "0",
                                    "isLinked": false
                                }
                            },
                            "elements": [],
                            "isInner": false,
                            "widgetType": "heading",
                            "elType": "widget"
                        },
                        {
                            "id": "55568e3c",
                            "settings": {
                                "structure": "20",
                                "margin": {
                                    "unit": "%",
                                    "top": "0",
                                    "right": 0,
                                    "bottom": "5",
                                    "left": 0,
                                    "isLinked": false
                                }
                            },
                            "elements": [
                                {
                                    "id": "1718b30f",
                                    "settings": {
                                        "_column_size": 50,
                                        "_inline_size": 40.021,
                                        "content_position": "center",
                                        "html_tag": "div"
                                    },
                                    "elements": [
                                        {
                                            "id": "23b8968b",
                                            "settings": {
                                                "icon_list": [
                                                    {
                                                        "text": "Lorem ipsum dolor sit amet.",
                                                        "icon": "fa fa-check",
                                                        "_id": "9eb52bc",
                                                        "link": {
                                                            "url": "",
                                                            "is_external": "",
                                                            "nofollow": ""
                                                        }
                                                    },
                                                    {
                                                        "text": "Lorem ipsum dolor sit amet.",
                                                        "icon": "fa fa-check",
                                                        "_id": "07707e3",
                                                        "link": {
                                                            "url": "",
                                                            "is_external": "",
                                                            "nofollow": ""
                                                        }
                                                    }
                                                ],
                                                "space_between": {
                                                    "unit": "px",
                                                    "size": 20
                                                },
                                                "icon_align": "left",
                                                "icon_color": "#69f07f",
                                                "icon_size": {
                                                    "unit": "px",
                                                    "size": 20
                                                },
                                                "text_indent": {
                                                    "unit": "px",
                                                    "size": 15
                                                },
                                                "text_color": "rgba(255,255,255,0.68)",
                                                "icon_typography_typography": "custom",
                                                "icon_typography_font_family": "Nunito Sans",
                                                "icon_typography_font_size": {
                                                    "unit": "px",
                                                    "size": 16
                                                },
                                                "icon_typography_font_weight": "normal",
                                                "icon_typography_text_transform": "none",
                                                "icon_typography_font_style": "normal",
                                                "icon_typography_line_height": {
                                                    "unit": "em",
                                                    "size": 1.5
                                                }
                                            },
                                            "elements": [],
                                            "isInner": false,
                                            "widgetType": "icon-list",
                                            "elType": "widget"
                                        }
                                    ],
                                    "isInner": true,
                                    "elType": "column"
                                },
                                {
                                    "id": "39eb9eab",
                                    "settings": {
                                        "_column_size": 50,
                                        "_inline_size": 59.979,
                                        "content_position": "center",
                                        "html_tag": "div"
                                    },
                                    "elements": [
                                        {
                                            "id": "4bf5de26",
                                            "settings": {
                                                "icon_list": [
                                                    {
                                                        "text": "Excepteur sint occaecat cupidatat non proident",
                                                        "icon": "fa fa-check",
                                                        "_id": "9eb52bc",
                                                        "link": {
                                                            "url": "",
                                                            "is_external": "",
                                                            "nofollow": ""
                                                        }
                                                    },
                                                    {
                                                        "text": "Ut enim ad minim veniam, quis nostrud exercitation",
                                                        "icon": "fa fa-check",
                                                        "_id": "07707e3",
                                                        "link": {
                                                            "url": "",
                                                            "is_external": "",
                                                            "nofollow": ""
                                                        }
                                                    }
                                                ],
                                                "space_between": {
                                                    "unit": "px",
                                                    "size": 20
                                                },
                                                "icon_align": "left",
                                                "icon_color": "#69f07f",
                                                "icon_size": {
                                                    "unit": "px",
                                                    "size": 20
                                                },
                                                "text_indent": {
                                                    "unit": "px",
                                                    "size": 15
                                                },
                                                "text_color": "rgba(255,255,255,0.68)",
                                                "icon_typography_typography": "custom",
                                                "icon_typography_font_family": "Nunito Sans",
                                                "icon_typography_font_size": {
                                                    "unit": "px",
                                                    "size": 16
                                                },
                                                "icon_typography_font_weight": "normal",
                                                "icon_typography_text_transform": "none",
                                                "icon_typography_font_style": "normal",
                                                "icon_typography_line_height": {
                                                    "unit": "em",
                                                    "size": 1.5
                                                }
                                            },
                                            "elements": [],
                                            "isInner": false,
                                            "widgetType": "icon-list",
                                            "elType": "widget"
                                        }
                                    ],
                                    "isInner": true,
                                    "elType": "column"
                                }
                            ],
                            "isInner": true,
                            "elType": "section"
                        },
                        {
                            "id": "2d6e9e07",
                            "settings": {
                                "optin": "<form method='post' action=''>\n<div>\n<input type='text' id='email_address' name='email_address' value='' placeholder=\"Alamat email\">\n</div>\n<div>\n<input type='text' id='name' name='name' value='' placeholder=\"Nama Lengkap\">\n</div>\n<div>\n<input type='submit' value='Ya, Saya Mau Swipe'>\n</div>\n</form>\n",
                                "optin_width": {
                                    "unit": "px",
                                    "size": 320
                                },
                                "button_width": "default",
                                "input_text_color": "#3b4254",
                                "input_typography_typography": "custom",
                                "input_typography_font_family": "Nunito Sans",
                                "input_typography_font_size": {
                                    "unit": "px",
                                    "size": 14
                                },
                                "input_typography_font_weight": "normal",
                                "input_typography_text_transform": "none",
                                "input_typography_font_style": "normal",
                                "input_typography_line_height": {
                                    "unit": "em",
                                    "size": 2
                                },
                                "input_background_color": "#ffffff",
                                "input_border_border": "solid",
                                "input_border_width": {
                                    "unit": "px",
                                    "top": "1",
                                    "right": "1",
                                    "bottom": "1",
                                    "left": "1",
                                    "isLinked": true
                                },
                                "input_border_color": "#cccccc",
                                "input_text_padding": {
                                    "unit": "em",
                                    "top": "",
                                    "right": "",
                                    "bottom": "",
                                    "left": "",
                                    "isLinked": true
                                },
                                "button_text_color": "#ffffff",
                                "typography_typography": "custom",
                                "typography_font_family": "Acme",
                                "typography_font_size": {
                                    "unit": "px",
                                    "size": 16
                                },
                                "background_color": "#ff6150",
                                "text_padding": {
                                    "unit": "em",
                                    "top": "1",
                                    "right": "1",
                                    "bottom": "1",
                                    "left": "1",
                                    "isLinked": true
                                },
                                "optin_display": "inline"
                            },
                            "elements": [],
                            "isInner": false,
                            "widgetType": "optin",
                            "elType": "widget"
                        }
                    ],
                    "isInner": false,
                    "elType": "column"
                }
            ],
            "isInner": false,
            "elType": "section"
        },
        {
            "id": "6a690621",
            "settings": {
                "gap": "wide",
                "content_position": "top",
                "html_tag": "div",
                "background_background": "classic",
                "background_color": "#425cbb",
                "background_image": {
                    "url": "https://raw.githubusercontent.com/muizzahabibi/elementor-image/main/image-kit-landing/Footer-Swipe-Img-BG.png",
                    "id": 6922
                },
                "background_position": "top center",
                "background_attachment": "fixed",
                "background_repeat": "no-repeat",
                "background_size": "cover",
                "padding": {
                    "unit": "em",
                    "top": "1",
                    "right": "0",
                    "bottom": "1",
                    "left": "0",
                    "isLinked": false
                }
            },
            "elements": [
                {
                    "id": "2e214ede",
                    "settings": {
                        "_column_size": 100,
                        "content_position": "center",
                        "html_tag": "div"
                    },
                    "elements": [
                        {
                            "id": "67320fe7",
                            "settings": {
                                "title": "Copyright \u00a92019 SwipeFile",
                                "header_size": "span",
                                "align": "center",
                                "title_color": "rgba(255,255,255,0.68)",
                                "typography_typography": "custom",
                                "typography_font_family": "Poppins",
                                "typography_font_size": {
                                    "unit": "px",
                                    "size": 14
                                }
                            },
                            "elements": [],
                            "isInner": false,
                            "widgetType": "heading",
                            "elType": "widget"
                        }
                    ],
                    "isInner": false,
                    "elType": "column"
                }
            ],
            "isInner": false,
            "elType": "section"
        }
    ],
    "page_settings": {
        "background_background": "classic",
        "background_color": "#ffffff",
        "template": "elementor_canvas"
    }
}
