{
    "version": "0.4",
    "title": "100 Thank you 2",
    "type": "page",
    "content": [
        {
            "id": "831e511",
            "settings": {
                "gap": "wide",
                "content_position": "middle",
                "html_tag": "section",
                "background_background": "gradient",
                "background_color": "#faaa07",
                "background_color_b": "#e95871",
                "background_gradient_angle": {
                    "unit": "deg",
                    "size": 150
                },
                "background_overlay_background": "classic",
                "background_overlay_image": {
                    "url": "https://raw.githubusercontent.com/muizzahabibi/elementor-image/main/image-kit-landing/Section-100-ThankYou-BG-Img-Ornament-1.png",
                    "id": 18370
                },
                "background_overlay_position": "center center",
                "background_overlay_repeat": "no-repeat",
                "background_overlay_size": "cover",
                "background_overlay_opacity": {
                    "unit": "px",
                    "size": 1
                },
                "padding": {
                    "unit": "em",
                    "top": "5",
                    "right": "0",
                    "bottom": "5",
                    "left": "0",
                    "isLinked": false
                }
            },
            "elements": [
                {
                    "id": "369c956e",
                    "settings": {
                        "_column_size": 100,
                        "content_position": "center",
                        "html_tag": "div",
                        "background_background": "classic",
                        "background_color": "#ffffff",
                        "background_overlay_background": "classic",
                        "background_overlay_image": {
                            "url": "https://raw.githubusercontent.com/muizzahabibi/elementor-image/main/image-kit-landing/Section-100-ThankYou-BG-Img-Ornament-2.png",
                            "id": 18371
                        },
                        "background_overlay_position": "center center",
                        "background_overlay_repeat": "no-repeat",
                        "background_overlay_size": "cover",
                        "background_overlay_opacity": {
                            "unit": "px",
                            "size": 1
                        },
                        "border_radius": {
                            "unit": "px",
                            "top": "15",
                            "right": "15",
                            "bottom": "15",
                            "left": "15",
                            "isLinked": true
                        },
                        "padding": {
                            "unit": "em",
                            "top": "5",
                            "right": "5",
                            "bottom": "5",
                            "left": "5",
                            "isLinked": true
                        },
                        "padding_mobile": {
                            "unit": "em",
                            "top": "3",
                            "right": "3",
                            "bottom": "3",
                            "left": "3",
                            "isLinked": true
                        }
                    },
                    "elements": [
                        {
                            "id": "171d4bbb",
                            "settings": {
                                "title": "Terima Kasih",
                                "header_size": "h3",
                                "align": "center",
                                "title_color": "#d75566",
                                "typography_typography": "custom",
                                "typography_font_family": "Ubuntu",
                                "typography_font_size": {
                                    "unit": "px",
                                    "size": 64
                                },
                                "typography_font_weight": "bold",
                                "typography_text_transform": "none",
                                "typography_font_style": "normal",
                                "typography_text_decoration": "none",
                                "typography_line_height": {
                                    "unit": "em",
                                    "size": 1.3
                                },
                                "typography_font_size_mobile": {
                                    "unit": "px",
                                    "size": 40
                                }
                            },
                            "elements": [],
                            "isInner": false,
                            "widgetType": "heading",
                            "elType": "widget"
                        },
                        {
                            "id": "553e3d7f",
                            "settings": {
                                "title": "Telah memesan di toko kami",
                                "header_size": "h3",
                                "align": "center",
                                "title_color": "#d75566",
                                "typography_typography": "custom",
                                "typography_font_family": "Nunito Sans",
                                "typography_font_size": {
                                    "unit": "px",
                                    "size": 36
                                },
                                "typography_font_weight": "bold",
                                "typography_text_transform": "none",
                                "typography_font_style": "normal",
                                "typography_text_decoration": "none",
                                "typography_line_height": {
                                    "unit": "em",
                                    "size": 1.3
                                },
                                "typography_font_size_mobile": {
                                    "unit": "px",
                                    "size": 30
                                }
                            },
                            "elements": [],
                            "isInner": false,
                            "widgetType": "heading",
                            "elType": "widget"
                        },
                        {
                            "id": "3888e1df",
                            "settings": {
                                "editor": "<p>Silahkan verifikasi alamat email anda untuk melanjutkan ke proses pembayaran, kami akan mengirim email konfirmasi ke alamat:</p>",
                                "align": "center",
                                "text_color": "rgba(0,0,0,0.68)",
                                "align_mobile": "center",
                                "typography_typography": "custom",
                                "typography_font_family": "Nunito Sans",
                                "typography_font_size": {
                                    "unit": "px",
                                    "size": 16
                                },
                                "typography_font_weight": "normal",
                                "typography_text_transform": "none",
                                "typography_font_style": "normal",
                                "typography_line_height": {
                                    "unit": "em",
                                    "size": 1.8
                                },
                                "_padding": {
                                    "unit": "%",
                                    "top": "0",
                                    "right": "17",
                                    "bottom": "0",
                                    "left": "17",
                                    "isLinked": false
                                },
                                "_padding_tablet": {
                                    "unit": "px",
                                    "top": "0",
                                    "right": "0",
                                    "bottom": "0",
                                    "left": "0",
                                    "isLinked": false
                                }
                            },
                            "elements": [],
                            "isInner": false,
                            "widgetType": "text-editor",
                            "elType": "widget"
                        },
                        {
                            "id": "49059874",
                            "settings": {
                                "title": "AmeliaTan09@gmail.com",
                                "header_size": "p",
                                "align": "center",
                                "title_color": "rgba(0,0,0,0.8)",
                                "typography_typography": "custom",
                                "typography_font_family": "Nunito Sans",
                                "typography_font_size": {
                                    "unit": "px",
                                    "size": 24
                                },
                                "typography_font_size_mobile": {
                                    "unit": "px",
                                    "size": 20
                                },
                                "typography_font_weight": "600",
                                "typography_text_transform": "none",
                                "typography_font_style": "normal",
                                "typography_line_height": {
                                    "unit": "em",
                                    "size": 1.3
                                }
                            },
                            "elements": [],
                            "isInner": false,
                            "widgetType": "heading",
                            "elType": "widget"
                        },
                        {
                            "id": "5f62c89c",
                            "settings": {
                                "text": "Konfirmasi Email",
                                "align": "center",
                                "size": "lg",
                                "typography_typography": "custom",
                                "typography_font_family": "Nunito Sans",
                                "typography_font_size": {
                                    "unit": "px",
                                    "size": 18
                                },
                                "typography_font_weight": "bold",
                                "typography_text_transform": "none",
                                "typography_font_style": "normal",
                                "background_color": "#e86c7c",
                                "hover_animation": "shrink",
                                "border_radius": {
                                    "unit": "px",
                                    "top": "65",
                                    "right": "65",
                                    "bottom": "65",
                                    "left": "65",
                                    "isLinked": true
                                },
                                "button_box_shadow_box_shadow_type": "yes",
                                "button_box_shadow_box_shadow": {
                                    "horizontal": 0,
                                    "vertical": 15,
                                    "blur": 35,
                                    "spread": 0,
                                    "color": "rgba(232,108,124,0.15)"
                                },
                                "_margin": {
                                    "unit": "px",
                                    "top": "35",
                                    "right": "0",
                                    "bottom": "0",
                                    "left": "0",
                                    "isLinked": false
                                }
                            },
                            "elements": [],
                            "isInner": false,
                            "widgetType": "button",
                            "elType": "widget"
                        }
                    ],
                    "isInner": false,
                    "elType": "column"
                }
            ],
            "isInner": false,
            "elType": "section"
        },
        {
            "id": "72a54ca7",
            "settings": {
                "gap": "wide",
                "content_position": "middle",
                "html_tag": "section",
                "background_background": "classic",
                "background_color": "#ffffff",
                "padding": {
                    "unit": "px",
                    "top": "64",
                    "right": "0",
                    "bottom": "32",
                    "left": "0",
                    "isLinked": false
                }
            },
            "elements": [
                {
                    "id": "fec1dba",
                    "settings": {
                        "_column_size": 100,
                        "content_position": "center",
                        "html_tag": "div"
                    },
                    "elements": [
                        {
                            "id": "168fea72",
                            "settings": {
                                "title": "Rekomendasi produk kami untuk anda",
                                "header_size": "h3",
                                "align": "center",
                                "title_color": "#d75566",
                                "typography_typography": "custom",
                                "typography_font_family": "Ubuntu",
                                "typography_font_size": {
                                    "unit": "px",
                                    "size": 36
                                },
                                "typography_font_weight": "bold",
                                "typography_text_transform": "none",
                                "typography_font_style": "normal",
                                "typography_text_decoration": "none",
                                "typography_line_height": {
                                    "unit": "em",
                                    "size": 1.3
                                },
                                "typography_font_size_mobile": {
                                    "unit": "px",
                                    "size": 30
                                }
                            },
                            "elements": [],
                            "isInner": false,
                            "widgetType": "heading",
                            "elType": "widget"
                        },
                        {
                            "id": "7c751ad1",
                            "settings": {
                                "editor": "<p>In enim justo, rhoncus ut, imperdiet a, venenatis vitae, justo. Nullam dictum felis eu pede mollis pretium. Integer tincidunt. Cras dapibus. Vivamus elementum semper</p>",
                                "align": "center",
                                "text_color": "rgba(0,0,0,0.68)",
                                "align_mobile": "center",
                                "typography_typography": "custom",
                                "typography_font_family": "Nunito Sans",
                                "typography_font_size": {
                                    "unit": "px",
                                    "size": 16
                                },
                                "typography_font_weight": "normal",
                                "typography_text_transform": "none",
                                "typography_font_style": "normal",
                                "typography_line_height": {
                                    "unit": "em",
                                    "size": 1.8
                                },
                                "_padding": {
                                    "unit": "%",
                                    "top": "0",
                                    "right": "15",
                                    "bottom": "0",
                                    "left": "15",
                                    "isLinked": false
                                },
                                "_padding_tablet": {
                                    "unit": "px",
                                    "top": "0",
                                    "right": "0",
                                    "bottom": "0",
                                    "left": "0",
                                    "isLinked": false
                                }
                            },
                            "elements": [],
                            "isInner": false,
                            "widgetType": "text-editor",
                            "elType": "widget"
                        },
                        {
                            "id": "42193130",
                            "settings": {
                                "content_position": "middle",
                                "html_tag": "div",
                                "structure": "40",
                                "margin": {
                                    "unit": "px",
                                    "top": "35",
                                    "right": 0,
                                    "bottom": "0",
                                    "left": 0,
                                    "isLinked": false
                                }
                            },
                            "elements": [
                                {
                                    "id": "393a14b9",
                                    "settings": {
                                        "_column_size": 25,
                                        "_inline_size": null,
                                        "content_position": "top",
                                        "html_tag": "div",
                                        "margin": {
                                            "unit": "px",
                                            "top": "10",
                                            "right": "10",
                                            "bottom": "10",
                                            "left": "10",
                                            "isLinked": true
                                        },
                                        "margin_tablet": {
                                            "unit": "px",
                                            "top": "5",
                                            "right": "5",
                                            "bottom": "5",
                                            "left": "5",
                                            "isLinked": true
                                        },
                                        "margin_mobile": {
                                            "unit": "px",
                                            "top": "10",
                                            "right": "10",
                                            "bottom": "10",
                                            "left": "10",
                                            "isLinked": true
                                        }
                                    },
                                    "elements": [
                                        {
                                            "id": "1cd12733",
                                            "settings": {
                                                "image": {
                                                    "url": "https://raw.githubusercontent.com/muizzahabibi/elementor-image/main/image-kit-landing/Section-097-Harga-ImgBG-5.png",
                                                    "id": 18292
                                                },
                                                "title_text": "Sepatu Sport",
                                                "description_text": "Rp 255.000",
                                                "title_size": "div",
                                                "image_size": {
                                                    "unit": "%",
                                                    "size": 100
                                                },
                                                "text_align": "center",
                                                "content_vertical_alignment": "middle",
                                                "title_bottom_space": {
                                                    "unit": "px",
                                                    "size": 10
                                                },
                                                "title_color": "#d75566",
                                                "title_typography_typography": "custom",
                                                "title_typography_font_family": "Ubuntu",
                                                "title_typography_font_size": {
                                                    "unit": "px",
                                                    "size": 24
                                                },
                                                "title_typography_font_weight": "500",
                                                "title_typography_text_transform": "none",
                                                "title_typography_font_style": "normal",
                                                "title_typography_text_decoration": "none",
                                                "description_color": "rgba(56,77,97,0.68)",
                                                "description_typography_typography": "custom",
                                                "description_typography_font_family": "Nunito Sans",
                                                "description_typography_font_size": {
                                                    "unit": "px",
                                                    "size": 16
                                                },
                                                "description_typography_font_weight": "normal",
                                                "description_typography_text_transform": "none",
                                                "description_typography_font_style": "italic",
                                                "description_typography_text_decoration": "line-through",
                                                "title_typography_font_size_tablet": {
                                                    "unit": "px",
                                                    "size": 20
                                                },
                                                "title_typography_font_size_mobile": {
                                                    "unit": "px",
                                                    "size": 24
                                                }
                                            },
                                            "elements": [],
                                            "isInner": false,
                                            "widgetType": "image-box",
                                            "elType": "widget"
                                        },
                                        {
                                            "id": "35621bbb",
                                            "settings": {
                                                "title": "Rp 230.000",
                                                "header_size": "p",
                                                "align": "center",
                                                "title_color": "#61373c",
                                                "typography_typography": "custom",
                                                "typography_font_family": "Ubuntu",
                                                "typography_font_size": {
                                                    "unit": "px",
                                                    "size": 28
                                                },
                                                "typography_font_weight": "bold",
                                                "typography_text_transform": "none",
                                                "typography_font_style": "normal"
                                            },
                                            "elements": [],
                                            "isInner": false,
                                            "widgetType": "heading",
                                            "elType": "widget"
                                        }
                                    ],
                                    "isInner": true,
                                    "elType": "column"
                                },
                                {
                                    "id": "5c9cb41b",
                                    "settings": {
                                        "_column_size": 25,
                                        "_inline_size": null,
                                        "content_position": "top",
                                        "html_tag": "div",
                                        "margin": {
                                            "unit": "px",
                                            "top": "10",
                                            "right": "10",
                                            "bottom": "10",
                                            "left": "10",
                                            "isLinked": true
                                        },
                                        "margin_tablet": {
                                            "unit": "px",
                                            "top": "5",
                                            "right": "5",
                                            "bottom": "5",
                                            "left": "5",
                                            "isLinked": true
                                        },
                                        "margin_mobile": {
                                            "unit": "px",
                                            "top": "10",
                                            "right": "10",
                                            "bottom": "10",
                                            "left": "10",
                                            "isLinked": true
                                        }
                                    },
                                    "elements": [
                                        {
                                            "id": "55c6c46a",
                                            "settings": {
                                                "image": {
                                                    "url": "https://raw.githubusercontent.com/muizzahabibi/elementor-image/main/image-kit-landing/Section-097-Harga-ImgBG-7.png",
                                                    "id": 18294
                                                },
                                                "title_text": "Sneakers Keren",
                                                "description_text": "Rp 230.000",
                                                "title_size": "div",
                                                "image_size": {
                                                    "unit": "%",
                                                    "size": 100
                                                },
                                                "text_align": "center",
                                                "content_vertical_alignment": "middle",
                                                "title_bottom_space": {
                                                    "unit": "px",
                                                    "size": 10
                                                },
                                                "title_color": "#d75566",
                                                "title_typography_typography": "custom",
                                                "title_typography_font_family": "Ubuntu",
                                                "title_typography_font_size": {
                                                    "unit": "px",
                                                    "size": 24
                                                },
                                                "title_typography_font_weight": "500",
                                                "title_typography_text_transform": "none",
                                                "title_typography_font_style": "normal",
                                                "title_typography_text_decoration": "none",
                                                "description_color": "rgba(56,77,97,0.68)",
                                                "description_typography_typography": "custom",
                                                "description_typography_font_family": "Nunito Sans",
                                                "description_typography_font_size": {
                                                    "unit": "px",
                                                    "size": 16
                                                },
                                                "description_typography_font_weight": "normal",
                                                "description_typography_text_transform": "none",
                                                "description_typography_font_style": "italic",
                                                "description_typography_text_decoration": "line-through",
                                                "title_typography_font_size_tablet": {
                                                    "unit": "px",
                                                    "size": 20
                                                },
                                                "title_typography_font_size_mobile": {
                                                    "unit": "px",
                                                    "size": 24
                                                }
                                            },
                                            "elements": [],
                                            "isInner": false,
                                            "widgetType": "image-box",
                                            "elType": "widget"
                                        },
                                        {
                                            "id": "6a241da7",
                                            "settings": {
                                                "title": "Rp 200.000",
                                                "header_size": "p",
                                                "align": "center",
                                                "title_color": "#61373c",
                                                "typography_typography": "custom",
                                                "typography_font_family": "Ubuntu",
                                                "typography_font_size": {
                                                    "unit": "px",
                                                    "size": 28
                                                },
                                                "typography_font_weight": "bold",
                                                "typography_text_transform": "none",
                                                "typography_font_style": "normal"
                                            },
                                            "elements": [],
                                            "isInner": false,
                                            "widgetType": "heading",
                                            "elType": "widget"
                                        }
                                    ],
                                    "isInner": true,
                                    "elType": "column"
                                },
                                {
                                    "id": "33d07343",
                                    "settings": {
                                        "_column_size": 25,
                                        "_inline_size": null,
                                        "content_position": "top",
                                        "html_tag": "div",
                                        "margin": {
                                            "unit": "px",
                                            "top": "10",
                                            "right": "10",
                                            "bottom": "10",
                                            "left": "10",
                                            "isLinked": true
                                        },
                                        "margin_tablet": {
                                            "unit": "px",
                                            "top": "5",
                                            "right": "5",
                                            "bottom": "5",
                                            "left": "5",
                                            "isLinked": true
                                        },
                                        "margin_mobile": {
                                            "unit": "px",
                                            "top": "10",
                                            "right": "10",
                                            "bottom": "10",
                                            "left": "10",
                                            "isLinked": true
                                        }
                                    },
                                    "elements": [
                                        {
                                            "id": "7364be20",
                                            "settings": {
                                                "image": {
                                                    "url": "https://raw.githubusercontent.com/muizzahabibi/elementor-image/main/image-kit-landing/Section-097-Harga-ImgBG-3.png",
                                                    "id": 18290
                                                },
                                                "title_text": "Sepatu Sport",
                                                "description_text": "Rp 250.000",
                                                "title_size": "div",
                                                "image_size": {
                                                    "unit": "%",
                                                    "size": 100
                                                },
                                                "text_align": "center",
                                                "content_vertical_alignment": "middle",
                                                "title_bottom_space": {
                                                    "unit": "px",
                                                    "size": 10
                                                },
                                                "title_color": "#d75566",
                                                "title_typography_typography": "custom",
                                                "title_typography_font_family": "Ubuntu",
                                                "title_typography_font_size": {
                                                    "unit": "px",
                                                    "size": 24
                                                },
                                                "title_typography_font_weight": "500",
                                                "title_typography_text_transform": "none",
                                                "title_typography_font_style": "normal",
                                                "title_typography_text_decoration": "none",
                                                "description_color": "rgba(56,77,97,0.68)",
                                                "description_typography_typography": "custom",
                                                "description_typography_font_family": "Nunito Sans",
                                                "description_typography_font_size": {
                                                    "unit": "px",
                                                    "size": 16
                                                },
                                                "description_typography_font_weight": "normal",
                                                "description_typography_text_transform": "none",
                                                "description_typography_font_style": "italic",
                                                "description_typography_text_decoration": "line-through",
                                                "title_typography_font_size_tablet": {
                                                    "unit": "px",
                                                    "size": 20
                                                },
                                                "title_typography_font_size_mobile": {
                                                    "unit": "px",
                                                    "size": 24
                                                }
                                            },
                                            "elements": [],
                                            "isInner": false,
                                            "widgetType": "image-box",
                                            "elType": "widget"
                                        },
                                        {
                                            "id": "6290405a",
                                            "settings": {
                                                "title": "Rp 225.000",
                                                "header_size": "p",
                                                "align": "center",
                                                "title_color": "#61373c",
                                                "typography_typography": "custom",
                                                "typography_font_family": "Ubuntu",
                                                "typography_font_size": {
                                                    "unit": "px",
                                                    "size": 28
                                                },
                                                "typography_font_weight": "bold",
                                                "typography_text_transform": "none",
                                                "typography_font_style": "normal"
                                            },
                                            "elements": [],
                                            "isInner": false,
                                            "widgetType": "heading",
                                            "elType": "widget"
                                        }
                                    ],
                                    "isInner": true,
                                    "elType": "column"
                                },
                                {
                                    "id": "51d577f6",
                                    "settings": {
                                        "_column_size": 25,
                                        "_inline_size": null,
                                        "content_position": "top",
                                        "html_tag": "div",
                                        "margin": {
                                            "unit": "px",
                                            "top": "10",
                                            "right": "10",
                                            "bottom": "10",
                                            "left": "10",
                                            "isLinked": true
                                        },
                                        "margin_tablet": {
                                            "unit": "px",
                                            "top": "5",
                                            "right": "5",
                                            "bottom": "5",
                                            "left": "5",
                                            "isLinked": true
                                        },
                                        "margin_mobile": {
                                            "unit": "px",
                                            "top": "10",
                                            "right": "10",
                                            "bottom": "10",
                                            "left": "10",
                                            "isLinked": true
                                        }
                                    },
                                    "elements": [
                                        {
                                            "id": "6058d0ff",
                                            "settings": {
                                                "image": {
                                                    "url": "https://raw.githubusercontent.com/muizzahabibi/elementor-image/main/image-kit-landing/Section-097-Harga-ImgBG-4.png",
                                                    "id": 18291
                                                },
                                                "title_text": "Sepatu Sport",
                                                "description_text": "Rp 270.000",
                                                "title_size": "div",
                                                "image_size": {
                                                    "unit": "%",
                                                    "size": 100
                                                },
                                                "text_align": "center",
                                                "content_vertical_alignment": "middle",
                                                "title_bottom_space": {
                                                    "unit": "px",
                                                    "size": 10
                                                },
                                                "title_color": "#d75566",
                                                "title_typography_typography": "custom",
                                                "title_typography_font_family": "Ubuntu",
                                                "title_typography_font_size": {
                                                    "unit": "px",
                                                    "size": 24
                                                },
                                                "title_typography_font_weight": "500",
                                                "title_typography_text_transform": "none",
                                                "title_typography_font_style": "normal",
                                                "title_typography_text_decoration": "none",
                                                "description_color": "rgba(56,77,97,0.68)",
                                                "description_typography_typography": "custom",
                                                "description_typography_font_family": "Nunito Sans",
                                                "description_typography_font_size": {
                                                    "unit": "px",
                                                    "size": 16
                                                },
                                                "description_typography_font_weight": "normal",
                                                "description_typography_text_transform": "none",
                                                "description_typography_font_style": "italic",
                                                "description_typography_text_decoration": "line-through",
                                                "title_typography_font_size_tablet": {
                                                    "unit": "px",
                                                    "size": 20
                                                },
                                                "title_typography_font_size_mobile": {
                                                    "unit": "px",
                                                    "size": 24
                                                }
                                            },
                                            "elements": [],
                                            "isInner": false,
                                            "widgetType": "image-box",
                                            "elType": "widget"
                                        },
                                        {
                                            "id": "5a5e9633",
                                            "settings": {
                                                "title": "Rp 250.000",
                                                "header_size": "p",
                                                "align": "center",
                                                "title_color": "#61373c",
                                                "typography_typography": "custom",
                                                "typography_font_family": "Ubuntu",
                                                "typography_font_size": {
                                                    "unit": "px",
                                                    "size": 28
                                                },
                                                "typography_font_weight": "bold",
                                                "typography_text_transform": "none",
                                                "typography_font_style": "normal"
                                            },
                                            "elements": [],
                                            "isInner": false,
                                            "widgetType": "heading",
                                            "elType": "widget"
                                        }
                                    ],
                                    "isInner": true,
                                    "elType": "column"
                                }
                            ],
                            "isInner": true,
                            "elType": "section"
                        }
                    ],
                    "isInner": false,
                    "elType": "column"
                }
            ],
            "isInner": false,
            "elType": "section"
        },
        {
            "id": "434cc915",
            "settings": {
                "content_width": {
                    "unit": "px",
                    "size": 750
                },
                "gap": "wide",
                "content_position": "middle",
                "html_tag": "section",
                "padding": {
                    "unit": "px",
                    "top": "32",
                    "right": "0",
                    "bottom": "64",
                    "left": "0",
                    "isLinked": false
                },
                "background_background": "classic",
                "background_color": "#ffffff"
            },
            "elements": [
                {
                    "id": "17f40f26",
                    "settings": {
                        "_column_size": 100,
                        "content_position": "center",
                        "html_tag": "div"
                    },
                    "elements": [
                        {
                            "id": "52fbfa50",
                            "settings": {
                                "image": {
                                    "url": "https://raw.githubusercontent.com/muizzahabibi/elementor-image/main/image-kit-landing/guarantee-logo_3.png",
                                    "id": 16680
                                },
                                "image_size": "full"
                            },
                            "elements": [],
                            "isInner": false,
                            "widgetType": "image",
                            "elType": "widget"
                        }
                    ],
                    "isInner": false,
                    "elType": "column"
                }
            ],
            "isInner": false,
            "elType": "section"
        }
    ],
    "page_settings": {
        "background_background": "classic",
        "background_color": "#ffffff",
        "template": "elementor_canvas"
    }
}
