{
    "version": "0.4",
    "title": "099 Thank you 1",
    "type": "page",
    "content": [
        {
            "id": "1c72867d",
            "settings": {
                "gap": "wide",
                "content_position": "middle",
                "html_tag": "section",
                "background_background": "classic",
                "background_color": "#ffffff",
                "padding": {
                    "unit": "px",
                    "top": "64",
                    "right": "0",
                    "bottom": "64",
                    "left": "0",
                    "isLinked": false
                },
                "background_overlay_background": "classic",
                "background_overlay_image": {
                    "url": "https://raw.githubusercontent.com/muizzahabibi/elementor-image/main/image-kit-landing/Section-099-ThankYou-BG-Img-Ornament.png",
                    "id": 18350
                },
                "background_overlay_position": "bottom center",
                "background_overlay_repeat": "no-repeat",
                "background_overlay_size": "cover",
                "background_overlay_opacity": {
                    "unit": "px",
                    "size": 1
                }
            },
            "elements": [
                {
                    "id": "51fcf936",
                    "settings": {
                        "_column_size": 100
                    },
                    "elements": [
                        {
                            "id": "7657bcaf",
                            "settings": {
                                "title": "Terima Kasih",
                                "header_size": "h1",
                                "align": "center",
                                "title_color": "#66137f",
                                "typography_typography": "custom",
                                "typography_font_family": "Nunito Sans",
                                "typography_font_size": {
                                    "unit": "px",
                                    "size": 64
                                },
                                "typography_font_weight": "900",
                                "typography_text_transform": "none",
                                "typography_font_style": "normal",
                                "typography_line_height": {
                                    "unit": "em",
                                    "size": 1.3
                                },
                                "typography_font_size_tablet": {
                                    "unit": "px",
                                    "size": 56
                                },
                                "typography_font_size_mobile": {
                                    "unit": "px",
                                    "size": 48
                                }
                            },
                            "elements": [],
                            "isInner": false,
                            "widgetType": "heading",
                            "elType": "widget"
                        },
                        {
                            "id": "78676b01",
                            "settings": {
                                "title": "Telah mendownload EBOOK FREELANCER",
                                "header_size": "h3",
                                "align": "center",
                                "title_color": "#66137f",
                                "typography_typography": "custom",
                                "typography_font_family": "Nunito Sans",
                                "typography_font_size": {
                                    "unit": "px",
                                    "size": 36
                                },
                                "typography_font_weight": "bold",
                                "typography_text_transform": "none",
                                "typography_font_style": "normal",
                                "typography_line_height": {
                                    "unit": "em",
                                    "size": 1.3
                                },
                                "typography_font_size_tablet": {
                                    "unit": "px",
                                    "size": 30
                                }
                            },
                            "elements": [],
                            "isInner": false,
                            "widgetType": "heading",
                            "elType": "widget"
                        },
                        {
                            "id": "120df87b",
                            "settings": {
                                "editor": "<p>Link Download <strong>petikEBOOK FREELANCER\u201d</strong> akan disampaikan melalui email. Saat ini sistem kami sedang mengirimkan email infonya kepada Anda, mungkin membutuhkan waktu beberapa saat 3-10 menit, mohon ditunggu saja. Pastikan email yang anda daftarkan masih aktif sampai saat ini.</p>",
                                "align": "center",
                                "text_color": "#2a2657",
                                "typography_typography": "custom",
                                "typography_font_family": "Nunito Sans",
                                "typography_font_size": {
                                    "unit": "px",
                                    "size": 16
                                },
                                "typography_font_weight": "normal",
                                "typography_text_transform": "none",
                                "typography_font_style": "normal",
                                "typography_text_decoration": "none",
                                "typography_line_height": {
                                    "unit": "em",
                                    "size": 1.8
                                },
                                "_padding": {
                                    "unit": "%",
                                    "top": "0",
                                    "right": "15",
                                    "bottom": "0",
                                    "left": "15",
                                    "isLinked": false
                                },
                                "_padding_tablet": {
                                    "unit": "%",
                                    "top": "0",
                                    "right": "0",
                                    "bottom": "0",
                                    "left": "0",
                                    "isLinked": false
                                }
                            },
                            "elements": [],
                            "isInner": false,
                            "widgetType": "text-editor",
                            "elType": "widget"
                        },
                        {
                            "id": "2e08601f",
                            "settings": {
                                "title": "Tidak ada email ? Silakan cek di folder inbox, promosi atau folder SPAM",
                                "header_size": "p",
                                "align": "center",
                                "title_color": "rgba(0,0,0,0.9)",
                                "typography_typography": "custom",
                                "typography_font_family": "Nunito",
                                "typography_font_size": {
                                    "unit": "px",
                                    "size": 16
                                },
                                "typography_font_weight": "600",
                                "typography_text_transform": "none",
                                "typography_font_style": "normal",
                                "typography_text_decoration": "none",
                                "typography_line_height": {
                                    "unit": "em",
                                    "size": 1.3
                                }
                            },
                            "elements": [],
                            "isInner": false,
                            "widgetType": "heading",
                            "elType": "widget"
                        },
                        {
                            "id": "6d598558",
                            "settings": {
                                "image_size": "full",
                                "image": {
                                    "url": "https://raw.githubusercontent.com/muizzahabibi/elementor-image/main/image-kit-landing/Section-099-ThankYou-BG-Img-1.png",
                                    "id": 18348
                                },
                                "space": {
                                    "unit": "%",
                                    "size": 80
                                },
                                "space_tablet": {
                                    "unit": "%",
                                    "size": 75
                                }
                            },
                            "elements": [],
                            "isInner": false,
                            "widgetType": "image",
                            "elType": "widget"
                        },
                        {
                            "id": "54cceaf0",
                            "settings": {
                                "title": "Bagikan EBOOK FREELANCER INI",
                                "header_size": "h4",
                                "align": "center",
                                "title_color": "#ffffff",
                                "typography_typography": "custom",
                                "typography_font_family": "Nunito Sans",
                                "typography_font_size": {
                                    "unit": "px",
                                    "size": 30
                                },
                                "typography_font_weight": "900",
                                "typography_text_transform": "none",
                                "typography_font_style": "normal",
                                "typography_line_height": {
                                    "unit": "em",
                                    "size": 1.3
                                },
                                "typography_font_size_tablet": {
                                    "unit": "px",
                                    "size": 24
                                }
                            },
                            "elements": [],
                            "isInner": false,
                            "widgetType": "heading",
                            "elType": "widget"
                        },
                        {
                            "id": "1e640112",
                            "settings": {
                                "title": "Dan Dapatkan Tiket Seminar Gratis",
                                "header_size": "h3",
                                "align": "center",
                                "title_color": "#ffffff",
                                "typography_typography": "custom",
                                "typography_font_family": "Nunito Sans",
                                "typography_font_size": {
                                    "unit": "px",
                                    "size": 36
                                },
                                "typography_font_weight": "900",
                                "typography_text_transform": "none",
                                "typography_font_style": "normal",
                                "typography_line_height": {
                                    "unit": "em",
                                    "size": 1.3
                                },
                                "typography_font_size_tablet": {
                                    "unit": "px",
                                    "size": 30
                                }
                            },
                            "elements": [],
                            "isInner": false,
                            "widgetType": "heading",
                            "elType": "widget"
                        },
                        {
                            "id": "1d5b6fd7",
                            "settings": {
                                "editor": "<p>10 Pemenang terpilih akan kami undi untuk memenangkan Tiket</p>",
                                "align": "center",
                                "text_color": "rgba(255,255,255,0.68)",
                                "typography_typography": "custom",
                                "typography_font_family": "Nunito Sans",
                                "typography_font_size": {
                                    "unit": "px",
                                    "size": 16
                                },
                                "typography_font_weight": "normal",
                                "typography_text_transform": "none",
                                "typography_font_style": "normal",
                                "typography_text_decoration": "none",
                                "typography_line_height": {
                                    "unit": "em",
                                    "size": 1.8
                                },
                                "_padding": {
                                    "unit": "%",
                                    "top": "",
                                    "right": "",
                                    "bottom": "",
                                    "left": "",
                                    "isLinked": true
                                }
                            },
                            "elements": [],
                            "isInner": false,
                            "widgetType": "text-editor",
                            "elType": "widget"
                        },
                        {
                            "id": "1ccc8de6",
                            "settings": {
                                "content_width": {
                                    "unit": "px",
                                    "size": 550
                                },
                                "content_position": "middle",
                                "html_tag": "div",
                                "structure": "20"
                            },
                            "elements": [
                                {
                                    "id": "5256e249",
                                    "settings": {
                                        "_column_size": 50,
                                        "_inline_size": null
                                    },
                                    "elements": [
                                        {
                                            "id": "2a950d42",
                                            "settings": {
                                                "text": "Share Via Facebook",
                                                "align": "center",
                                                "size": "md",
                                                "icon": "fa fa-facebook",
                                                "icon_indent": {
                                                    "unit": "px",
                                                    "size": 15
                                                },
                                                "typography_typography": "custom",
                                                "typography_font_family": "Roboto",
                                                "typography_font_size": {
                                                    "unit": "px",
                                                    "size": 18
                                                },
                                                "typography_font_weight": "normal",
                                                "typography_text_transform": "none",
                                                "typography_font_style": "normal",
                                                "typography_line_height": {
                                                    "unit": "em",
                                                    "size": 1.3
                                                },
                                                "button_text_color": "#ffffff",
                                                "background_color": "#3b5998",
                                                "border_radius": {
                                                    "unit": "px",
                                                    "top": "5",
                                                    "right": "5",
                                                    "bottom": "5",
                                                    "left": "5",
                                                    "isLinked": true
                                                },
                                                "hover_animation": "shrink"
                                            },
                                            "elements": [],
                                            "isInner": false,
                                            "widgetType": "button",
                                            "elType": "widget"
                                        }
                                    ],
                                    "isInner": true,
                                    "elType": "column"
                                },
                                {
                                    "id": "31b31ad2",
                                    "settings": {
                                        "_column_size": 50,
                                        "_inline_size": null
                                    },
                                    "elements": [
                                        {
                                            "id": "7d37da42",
                                            "settings": {
                                                "text": "Share Via Email",
                                                "align": "center",
                                                "size": "md",
                                                "icon": "fa fa-inbox",
                                                "icon_indent": {
                                                    "unit": "px",
                                                    "size": 15
                                                },
                                                "typography_typography": "custom",
                                                "typography_font_family": "Roboto",
                                                "typography_font_size": {
                                                    "unit": "px",
                                                    "size": 18
                                                },
                                                "typography_font_weight": "normal",
                                                "typography_text_transform": "none",
                                                "typography_font_style": "normal",
                                                "typography_line_height": {
                                                    "unit": "em",
                                                    "size": 1.3
                                                },
                                                "button_text_color": "#ffffff",
                                                "background_color": "#d50e0e",
                                                "border_radius": {
                                                    "unit": "px",
                                                    "top": "5",
                                                    "right": "5",
                                                    "bottom": "5",
                                                    "left": "5",
                                                    "isLinked": true
                                                },
                                                "hover_animation": "shrink"
                                            },
                                            "elements": [],
                                            "isInner": false,
                                            "widgetType": "button",
                                            "elType": "widget"
                                        }
                                    ],
                                    "isInner": true,
                                    "elType": "column"
                                }
                            ],
                            "isInner": true,
                            "elType": "section"
                        }
                    ],
                    "isInner": false,
                    "elType": "column"
                }
            ],
            "isInner": false,
            "elType": "section"
        }
    ],
    "page_settings": {
        "background_background": "classic",
        "background_color": "#ffffff",
        "template": "elementor_canvas"
    }
}
