{
    "version": "0.4",
    "title": "049 Ecourse Lead Magnet",
    "type": "page",
    "content": [
        {
            "id": "18c34d67",
            "settings": {
                "gap": "wide",
                "content_position": "middle",
                "background_background": "classic",
                "background_color": "#344250",
                "background_image": {
                    "url": "https://raw.githubusercontent.com/muizzahabibi/elementor-image/main/image-kit-landing/Section-049-Lead-BG-Overlay.png",
                    "id": 6788
                },
                "background_position": "center center",
                "background_attachment": "fixed",
                "background_repeat": "no-repeat",
                "background_size": "cover",
                "padding": {
                    "unit": "em",
                    "top": "5",
                    "right": "0",
                    "bottom": "0",
                    "left": "0",
                    "isLinked": false
                },
                "padding_mobile": {
                    "unit": "em",
                    "top": "3",
                    "right": "0",
                    "bottom": "3",
                    "left": "0",
                    "isLinked": false
                }
            },
            "elements": [
                {
                    "id": "2c5f420e",
                    "settings": {
                        "_column_size": 100,
                        "padding_mobile": {
                            "unit": "em",
                            "top": "0",
                            "right": "2",
                            "bottom": "0",
                            "left": "2",
                            "isLinked": false
                        }
                    },
                    "elements": [
                        {
                            "id": "189ea19a",
                            "settings": {
                                "title": "eCourse Design Thinking Gratis<br>Paling Lengkap di Seluruh Dunia",
                                "header_size": "h1",
                                "align": "center",
                                "title_color": "#ffffff",
                                "typography_typography": "custom",
                                "typography_font_family": "Poppins",
                                "typography_font_size": {
                                    "unit": "px",
                                    "size": 40
                                },
                                "typography_font_size_mobile": {
                                    "unit": "px",
                                    "size": 30
                                },
                                "typography_font_weight": "bold",
                                "typography_text_transform": "none",
                                "typography_font_style": "normal",
                                "typography_line_height": {
                                    "unit": "em",
                                    "size": 1.5
                                },
                                "_margin": {
                                    "unit": "%",
                                    "top": "0",
                                    "right": "0",
                                    "bottom": "5",
                                    "left": "0",
                                    "isLinked": false
                                },
                                "align_mobile": "left"
                            },
                            "elements": [],
                            "isInner": false,
                            "widgetType": "heading",
                            "elType": "widget"
                        },
                        {
                            "id": "384a913c",
                            "settings": {
                                "content_position": "middle",
                                "html_tag": "div",
                                "structure": "20",
                                "reverse_order_mobile": "reverse-mobile"
                            },
                            "elements": [
                                {
                                    "id": "66ea9ba5",
                                    "settings": {
                                        "_column_size": 50,
                                        "_inline_size": null,
                                        "content_position": "bottom",
                                        "html_tag": "div"
                                    },
                                    "elements": [
                                        {
                                            "id": "4af316be",
                                            "settings": {
                                                "image": {
                                                    "url": "https://raw.githubusercontent.com/muizzahabibi/elementor-image/main/image-kit-landing/Section-049-Lead-BG-Img.png",
                                                    "id": 6789
                                                },
                                                "image_size": "full",
                                                "align_tablet": "center",
                                                "_margin": {
                                                    "unit": "%",
                                                    "top": "0",
                                                    "right": "0",
                                                    "bottom": "-35",
                                                    "left": "0",
                                                    "isLinked": false
                                                },
                                                "_margin_mobile": {
                                                    "unit": "%",
                                                    "top": "0",
                                                    "right": "0",
                                                    "bottom": "0",
                                                    "left": "0",
                                                    "isLinked": false
                                                },
                                                "fb_value": "0"
                                            },
                                            "elements": [],
                                            "isInner": false,
                                            "widgetType": "image",
                                            "elType": "widget"
                                        }
                                    ],
                                    "isInner": true,
                                    "elType": "column"
                                },
                                {
                                    "id": "50c4f85e",
                                    "settings": {
                                        "_column_size": 50,
                                        "_inline_size": null,
                                        "content_position": "center",
                                        "html_tag": "div",
                                        "margin_mobile": {
                                            "unit": "%",
                                            "top": "0",
                                            "right": "0",
                                            "bottom": "7",
                                            "left": "0",
                                            "isLinked": false
                                        },
                                        "padding_mobile": {
                                            "unit": "px",
                                            "top": "0",
                                            "right": "0",
                                            "bottom": "0",
                                            "left": "0",
                                            "isLinked": false
                                        }
                                    },
                                    "elements": [
                                        {
                                            "id": "25d3306a",
                                            "settings": {
                                                "editor": "<p>Lorem ipsum dolor sit amet, consectetur adipiscing elit. Suspendisse ultricies convallis nisi, ac mollis est rhoncus at. Quisque at semper mauris</p>",
                                                "align": "left",
                                                "align_mobile": "left",
                                                "text_color": "rgba(255,255,255,0.68)",
                                                "typography_typography": "custom",
                                                "typography_font_family": "Nunito Sans",
                                                "typography_font_size": {
                                                    "unit": "px",
                                                    "size": 16
                                                },
                                                "typography_font_weight": "normal",
                                                "typography_text_transform": "none",
                                                "typography_font_style": "normal",
                                                "typography_line_height": {
                                                    "unit": "em",
                                                    "size": 2
                                                },
                                                "typography_font_size_mobile": {
                                                    "unit": "px",
                                                    "size": 16
                                                }
                                            },
                                            "elements": [],
                                            "isInner": false,
                                            "widgetType": "text-editor",
                                            "elType": "widget"
                                        },
                                        {
                                            "id": "56624403",
                                            "settings": {
                                                "icon_list": [
                                                    {
                                                        "text": "Lorem ipsum dolor sit a conser adipiscing elit.",
                                                        "icon": "fa fa-check",
                                                        "_id": "3a81fca",
                                                        "link": {
                                                            "url": "",
                                                            "is_external": "",
                                                            "nofollow": ""
                                                        }
                                                    },
                                                    {
                                                        "text": "Lorem ipsum dolor sit  consectetur adipiscing elit.",
                                                        "icon": "fa fa-check",
                                                        "_id": "c6e76e5",
                                                        "link": {
                                                            "url": "",
                                                            "is_external": "",
                                                            "nofollow": ""
                                                        }
                                                    },
                                                    {
                                                        "text": "Lorem ipsum dolor sit consect <br>etur adipiscing elit.",
                                                        "icon": "fa fa-check",
                                                        "_id": "0e0ac60",
                                                        "link": {
                                                            "url": "",
                                                            "is_external": "",
                                                            "nofollow": ""
                                                        }
                                                    }
                                                ],
                                                "space_between": {
                                                    "unit": "px",
                                                    "size": 20
                                                },
                                                "icon_align": "left",
                                                "icon_color": "#1fcfa5",
                                                "icon_size": {
                                                    "unit": "px",
                                                    "size": 20
                                                },
                                                "text_indent": {
                                                    "unit": "px",
                                                    "size": 10
                                                },
                                                "text_color": "rgba(255,255,255,0.68)",
                                                "icon_typography_typography": "custom",
                                                "icon_typography_font_family": "Nunito Sans",
                                                "icon_typography_font_size": {
                                                    "unit": "px",
                                                    "size": 16
                                                },
                                                "icon_typography_font_weight": "normal",
                                                "icon_typography_text_transform": "none",
                                                "icon_typography_font_style": "normal",
                                                "icon_typography_line_height": {
                                                    "unit": "em",
                                                    "size": 1.5
                                                },
                                                "_margin_mobile": {
                                                    "unit": "%",
                                                    "top": "",
                                                    "right": "",
                                                    "bottom": "",
                                                    "left": "",
                                                    "isLinked": true
                                                },
                                                "_padding_mobile": {
                                                    "unit": "px",
                                                    "top": "0",
                                                    "right": "0",
                                                    "bottom": "0",
                                                    "left": "0",
                                                    "isLinked": false
                                                }
                                            },
                                            "elements": [],
                                            "isInner": false,
                                            "widgetType": "icon-list",
                                            "elType": "widget"
                                        }
                                    ],
                                    "isInner": true,
                                    "elType": "column"
                                }
                            ],
                            "isInner": true,
                            "elType": "section"
                        }
                    ],
                    "isInner": false,
                    "elType": "column"
                }
            ],
            "isInner": false,
            "elType": "section"
        },
        {
            "id": "29be12f7",
            "settings": {
                "gap": "wide",
                "content_position": "middle",
                "html_tag": "section",
                "padding": {
                    "unit": "em",
                    "top": "10",
                    "right": "0",
                    "bottom": "1.5",
                    "left": "0",
                    "isLinked": false
                },
                "padding_mobile": {
                    "unit": "em",
                    "top": "2.5",
                    "right": "0",
                    "bottom": "0",
                    "left": "0",
                    "isLinked": false
                }
            },
            "elements": [
                {
                    "id": "37f9b649",
                    "settings": {
                        "_column_size": 100,
                        "padding_mobile": {
                            "unit": "em",
                            "top": "0",
                            "right": "2",
                            "bottom": "0",
                            "left": "2",
                            "isLinked": false
                        }
                    },
                    "elements": [
                        {
                            "id": "72e676",
                            "settings": {
                                "title": "Apa Yang Akan Kamu Pelajari Dari CourPress",
                                "header_size": "h1",
                                "align": "center",
                                "title_color": "#3b4254",
                                "typography_typography": "custom",
                                "typography_font_family": "Poppins",
                                "typography_font_size": {
                                    "unit": "px",
                                    "size": 30
                                },
                                "typography_font_weight": "bold",
                                "typography_text_transform": "none",
                                "typography_font_style": "normal",
                                "typography_line_height": {
                                    "unit": "em",
                                    "size": 1.5
                                },
                                "_margin": {
                                    "unit": "%",
                                    "top": "0",
                                    "right": "0",
                                    "bottom": "5",
                                    "left": "0",
                                    "isLinked": false
                                },
                                "align_mobile": "left",
                                "typography_font_size_mobile": {
                                    "unit": "px",
                                    "size": 30
                                }
                            },
                            "elements": [],
                            "isInner": false,
                            "widgetType": "heading",
                            "elType": "widget"
                        },
                        {
                            "id": "16573de0",
                            "settings": {
                                "content_position": "middle",
                                "html_tag": "div",
                                "structure": "20"
                            },
                            "elements": [
                                {
                                    "id": "30be728b",
                                    "settings": {
                                        "_column_size": 50,
                                        "_inline_size": null,
                                        "content_position": "top",
                                        "margin": {
                                            "unit": "px",
                                            "top": "5",
                                            "right": "5",
                                            "bottom": "5",
                                            "left": "5",
                                            "isLinked": true
                                        }
                                    },
                                    "elements": [
                                        {
                                            "id": "2e36858e",
                                            "settings": {
                                                "image": {
                                                    "url": "https://raw.githubusercontent.com/muizzahabibi/elementor-image/main/image-kit-landing/I.png",
                                                    "id": 6714
                                                },
                                                "title_text": "Apa Itu User Interface (UI) ?",
                                                "description_text": "Lorem ipsum dolor sit amet, consec adipiscing elit. Sed nec sagittis dolor lorem ipsum dsit ame consectetur dolor sit amet, consec adipiscing elit. Sed nec sagittis dolor lorem ipsum dsit ame consectetur.",
                                                "position": "left",
                                                "title_size": "p",
                                                "image_size": {
                                                    "unit": "%",
                                                    "size": 5
                                                },
                                                "text_align": "left",
                                                "title_bottom_space": {
                                                    "unit": "px",
                                                    "size": 10
                                                },
                                                "title_color": "#3b4254",
                                                "title_typography_typography": "custom",
                                                "title_typography_font_family": "Poppins",
                                                "title_typography_font_size": {
                                                    "unit": "px",
                                                    "size": 20
                                                },
                                                "title_typography_font_weight": "bold",
                                                "description_color": "rgba(59,66,84,0.68)",
                                                "description_typography_typography": "custom",
                                                "description_typography_font_size": {
                                                    "unit": "px",
                                                    "size": 16
                                                },
                                                "description_typography_font_weight": "normal",
                                                "description_typography_text_transform": "none",
                                                "description_typography_font_style": "normal",
                                                "description_typography_line_height": {
                                                    "unit": "em",
                                                    "size": 2
                                                },
                                                "_padding": {
                                                    "unit": "em",
                                                    "top": "1",
                                                    "right": "1",
                                                    "bottom": "1",
                                                    "left": "0",
                                                    "isLinked": false
                                                }
                                            },
                                            "elements": [],
                                            "isInner": false,
                                            "widgetType": "image-box",
                                            "elType": "widget"
                                        },
                                        {
                                            "id": "39671145",
                                            "settings": {
                                                "color": "rgba(59,66,84,0.12)",
                                                "align": "right"
                                            },
                                            "elements": [],
                                            "isInner": false,
                                            "widgetType": "divider",
                                            "elType": "widget"
                                        }
                                    ],
                                    "isInner": true,
                                    "elType": "column"
                                },
                                {
                                    "id": "3ecfa6c",
                                    "settings": {
                                        "_column_size": 50,
                                        "_inline_size": null,
                                        "content_position": "top",
                                        "margin": {
                                            "unit": "px",
                                            "top": "5",
                                            "right": "5",
                                            "bottom": "5",
                                            "left": "5",
                                            "isLinked": true
                                        }
                                    },
                                    "elements": [
                                        {
                                            "id": "5b58ea9d",
                                            "settings": {
                                                "image": {
                                                    "url": "https://raw.githubusercontent.com/muizzahabibi/elementor-image/main/image-kit-landing/III.png",
                                                    "id": 6716
                                                },
                                                "title_text": "Cara memilih Warna untuk Proyek Anda",
                                                "description_text": "Lorem ipsum dolor sit amet, consec adipiscing elit. Sed nec sagittis dolor lorem ipsum dsit ame consectetur dolor sit amet, consec adipiscing elit. Sed nec sagittis dolor lorem ipsum dsit ame consectetur.",
                                                "position": "left",
                                                "title_size": "p",
                                                "image_size": {
                                                    "unit": "%",
                                                    "size": 5
                                                },
                                                "image_size_tablet": {
                                                    "unit": "%",
                                                    "size": 10
                                                },
                                                "text_align": "left",
                                                "title_bottom_space": {
                                                    "unit": "px",
                                                    "size": 10
                                                },
                                                "title_color": "#3b4254",
                                                "title_typography_typography": "custom",
                                                "title_typography_font_family": "Poppins",
                                                "title_typography_font_size": {
                                                    "unit": "px",
                                                    "size": 20
                                                },
                                                "title_typography_font_weight": "bold",
                                                "description_color": "rgba(59,66,84,0.68)",
                                                "description_typography_typography": "custom",
                                                "description_typography_font_size": {
                                                    "unit": "px",
                                                    "size": 16
                                                },
                                                "description_typography_font_weight": "normal",
                                                "description_typography_text_transform": "none",
                                                "description_typography_font_style": "normal",
                                                "description_typography_line_height": {
                                                    "unit": "em",
                                                    "size": 2
                                                },
                                                "_padding": {
                                                    "unit": "em",
                                                    "top": "1",
                                                    "right": "1",
                                                    "bottom": "1",
                                                    "left": "0",
                                                    "isLinked": false
                                                }
                                            },
                                            "elements": [],
                                            "isInner": false,
                                            "widgetType": "image-box",
                                            "elType": "widget"
                                        },
                                        {
                                            "id": "88d5737",
                                            "settings": {
                                                "color": "rgba(59,66,84,0.12)",
                                                "align": "right"
                                            },
                                            "elements": [],
                                            "isInner": false,
                                            "widgetType": "divider",
                                            "elType": "widget"
                                        }
                                    ],
                                    "isInner": true,
                                    "elType": "column"
                                }
                            ],
                            "isInner": true,
                            "elType": "section"
                        },
                        {
                            "id": "1ba1e55d",
                            "settings": {
                                "content_position": "middle",
                                "html_tag": "div",
                                "structure": "20"
                            },
                            "elements": [
                                {
                                    "id": "26b5a566",
                                    "settings": {
                                        "_column_size": 50,
                                        "_inline_size": null,
                                        "content_position": "top",
                                        "margin": {
                                            "unit": "px",
                                            "top": "5",
                                            "right": "5",
                                            "bottom": "5",
                                            "left": "5",
                                            "isLinked": true
                                        }
                                    },
                                    "elements": [
                                        {
                                            "id": "3ed6f280",
                                            "settings": {
                                                "image": {
                                                    "url": "https://raw.githubusercontent.com/muizzahabibi/elementor-image/main/image-kit-landing/II.png",
                                                    "id": 6715
                                                },
                                                "title_text": "Fundamental UI Design",
                                                "description_text": "Lorem ipsum dolor sit amet, consec adipiscing elit. Sed nec sagittis dolor lorem ipsum dsit ame consectetur dolor sit amet, consec adipiscing elit. Sed nec sagittis dolor lorem ipsum dsit ame consectetur.",
                                                "position": "left",
                                                "title_size": "p",
                                                "image_size": {
                                                    "unit": "%",
                                                    "size": 5
                                                },
                                                "text_align": "left",
                                                "title_bottom_space": {
                                                    "unit": "px",
                                                    "size": 10
                                                },
                                                "title_color": "#3b4254",
                                                "title_typography_typography": "custom",
                                                "title_typography_font_family": "Poppins",
                                                "title_typography_font_size": {
                                                    "unit": "px",
                                                    "size": 20
                                                },
                                                "title_typography_font_weight": "bold",
                                                "description_color": "rgba(59,66,84,0.68)",
                                                "description_typography_typography": "custom",
                                                "description_typography_font_size": {
                                                    "unit": "px",
                                                    "size": 16
                                                },
                                                "description_typography_font_weight": "normal",
                                                "description_typography_text_transform": "none",
                                                "description_typography_font_style": "normal",
                                                "description_typography_line_height": {
                                                    "unit": "em",
                                                    "size": 2
                                                },
                                                "_padding": {
                                                    "unit": "em",
                                                    "top": "1",
                                                    "right": "1",
                                                    "bottom": "1",
                                                    "left": "0",
                                                    "isLinked": false
                                                }
                                            },
                                            "elements": [],
                                            "isInner": false,
                                            "widgetType": "image-box",
                                            "elType": "widget"
                                        },
                                        {
                                            "id": "10455cfc",
                                            "settings": {
                                                "color": "rgba(59,66,84,0.12)",
                                                "align": "right"
                                            },
                                            "elements": [],
                                            "isInner": false,
                                            "widgetType": "divider",
                                            "elType": "widget"
                                        }
                                    ],
                                    "isInner": true,
                                    "elType": "column"
                                },
                                {
                                    "id": "49117984",
                                    "settings": {
                                        "_column_size": 50,
                                        "_inline_size": null,
                                        "content_position": "top",
                                        "margin": {
                                            "unit": "px",
                                            "top": "5",
                                            "right": "5",
                                            "bottom": "5",
                                            "left": "5",
                                            "isLinked": true
                                        }
                                    },
                                    "elements": [
                                        {
                                            "id": "130ad5c0",
                                            "settings": {
                                                "image": {
                                                    "url": "https://raw.githubusercontent.com/muizzahabibi/elementor-image/main/image-kit-landing/IV.png",
                                                    "id": 6717
                                                },
                                                "title_text": "Cara memilih Font Yang Tepat",
                                                "description_text": "Lorem ipsum dolor sit amet, consec adipiscing elit. Sed nec sagittis dolor lorem ipsum dsit ame consectetur dolor sit amet, consec adipiscing elit. Sed nec sagittis dolor lorem ipsum dsit ame consectetur.",
                                                "position": "left",
                                                "title_size": "p",
                                                "image_size": {
                                                    "unit": "%",
                                                    "size": 5
                                                },
                                                "image_size_tablet": {
                                                    "unit": "%",
                                                    "size": 10
                                                },
                                                "text_align": "left",
                                                "title_bottom_space": {
                                                    "unit": "px",
                                                    "size": 10
                                                },
                                                "title_color": "#3b4254",
                                                "title_typography_typography": "custom",
                                                "title_typography_font_family": "Poppins",
                                                "title_typography_font_size": {
                                                    "unit": "px",
                                                    "size": 20
                                                },
                                                "title_typography_font_weight": "bold",
                                                "description_color": "rgba(59,66,84,0.68)",
                                                "description_typography_typography": "custom",
                                                "description_typography_font_size": {
                                                    "unit": "px",
                                                    "size": 16
                                                },
                                                "description_typography_font_weight": "normal",
                                                "description_typography_text_transform": "none",
                                                "description_typography_font_style": "normal",
                                                "description_typography_line_height": {
                                                    "unit": "em",
                                                    "size": 2
                                                },
                                                "_padding": {
                                                    "unit": "em",
                                                    "top": "1",
                                                    "right": "1",
                                                    "bottom": "1",
                                                    "left": "0",
                                                    "isLinked": false
                                                }
                                            },
                                            "elements": [],
                                            "isInner": false,
                                            "widgetType": "image-box",
                                            "elType": "widget"
                                        },
                                        {
                                            "id": "4c62f77e",
                                            "settings": {
                                                "color": "rgba(59,66,84,0.12)",
                                                "align": "right"
                                            },
                                            "elements": [],
                                            "isInner": false,
                                            "widgetType": "divider",
                                            "elType": "widget"
                                        }
                                    ],
                                    "isInner": true,
                                    "elType": "column"
                                }
                            ],
                            "isInner": true,
                            "elType": "section"
                        },
                        {
                            "id": "3ba62229",
                            "settings": {
                                "gap": "wide",
                                "content_position": "middle",
                                "html_tag": "div",
                                "margin": {
                                    "unit": "%",
                                    "top": "5",
                                    "right": 0,
                                    "bottom": "5",
                                    "left": 0,
                                    "isLinked": true
                                },
                                "padding": {
                                    "unit": "em",
                                    "top": "",
                                    "right": "",
                                    "bottom": "",
                                    "left": "",
                                    "isLinked": true
                                },
                                "padding_mobile": {
                                    "unit": "em",
                                    "top": "",
                                    "right": "",
                                    "bottom": "",
                                    "left": "",
                                    "isLinked": true
                                }
                            },
                            "elements": [
                                {
                                    "id": "4a8d357d",
                                    "settings": {
                                        "_column_size": 100,
                                        "_inline_size": null,
                                        "content_position": "center",
                                        "html_tag": "div",
                                        "background_background": "classic",
                                        "background_color": "#344250",
                                        "border_radius": {
                                            "unit": "px",
                                            "top": "10",
                                            "right": "10",
                                            "bottom": "10",
                                            "left": "10",
                                            "isLinked": true
                                        },
                                        "padding": {
                                            "unit": "em",
                                            "top": "3",
                                            "right": "3",
                                            "bottom": "3",
                                            "left": "3",
                                            "isLinked": true
                                        },
                                        "padding_mobile": {
                                            "unit": "px",
                                            "top": "35",
                                            "right": "10",
                                            "bottom": "35",
                                            "left": "10",
                                            "isLinked": false
                                        }
                                    },
                                    "elements": [
                                        {
                                            "id": "1d10a890",
                                            "settings": {
                                                "title": "Saya akan berikan eCourse ini tanpa Anda harus<br>merogoh kocek seper pun alias GRATIS.",
                                                "header_size": "h3",
                                                "align": "center",
                                                "title_color": "#ffffff",
                                                "typography_typography": "custom",
                                                "typography_font_family": "Poppins",
                                                "typography_font_size": {
                                                    "unit": "px",
                                                    "size": 25
                                                },
                                                "typography_font_weight": "bold",
                                                "typography_text_transform": "none",
                                                "typography_font_style": "normal",
                                                "typography_line_height": {
                                                    "unit": "em",
                                                    "size": 1.5
                                                },
                                                "_margin": {
                                                    "unit": "%",
                                                    "top": "0",
                                                    "right": "0",
                                                    "bottom": "5",
                                                    "left": "0",
                                                    "isLinked": false
                                                },
                                                "_padding_mobile": {
                                                    "unit": "px",
                                                    "top": "0",
                                                    "right": "5",
                                                    "bottom": "0",
                                                    "left": "5",
                                                    "isLinked": false
                                                }
                                            },
                                            "elements": [],
                                            "isInner": false,
                                            "widgetType": "heading",
                                            "elType": "widget"
                                        },
                                        {
                                            "id": "32da97a9",
                                            "settings": {
                                                "editor": "<p>Cukup Anda Masukkan Nama Lengkap dan Email Aktif Anda dibawah ini:</p>",
                                                "align": "center",
                                                "text_color": "rgba(255,255,255,0.68)",
                                                "typography_typography": "custom",
                                                "typography_font_family": "Nunito Sans",
                                                "typography_font_size": {
                                                    "unit": "px",
                                                    "size": 16
                                                },
                                                "typography_font_weight": "normal",
                                                "typography_text_transform": "none",
                                                "typography_font_style": "normal",
                                                "typography_line_height": {
                                                    "unit": "em",
                                                    "size": 2
                                                },
                                                "_padding_mobile": {
                                                    "unit": "em",
                                                    "top": "0",
                                                    "right": "1",
                                                    "bottom": "0",
                                                    "left": "1",
                                                    "isLinked": false
                                                },
                                                "_margin": {
                                                    "unit": "%",
                                                    "top": "0",
                                                    "right": "0",
                                                    "bottom": "5",
                                                    "left": "0",
                                                    "isLinked": false
                                                }
                                            },
                                            "elements": [],
                                            "isInner": false,
                                            "widgetType": "text-editor",
                                            "elType": "widget"
                                        },
                                        {
                                            "id": "1ae3b101",
                                            "settings": {
                                                "optin": "<form method='post' action=''>\n<div>\n<input type='text' id='email_address' name='email_address' value='' placeholder=\"Alamat email\">\n</div>\n<div>\n<input type='text' id='name' name='name' value='' placeholder=\"Nama Lengkap\">\n</div>\n<div>\n<input type='submit' value='Saya Mau Ecourse'>\n</div>\n</form>\n",
                                                "optin_display": "inline",
                                                "button_width": "input",
                                                "input_text_color": "#344250",
                                                "input_typography_typography": "custom",
                                                "input_typography_font_family": "Poppins",
                                                "input_typography_font_size": {
                                                    "unit": "px",
                                                    "size": 14
                                                },
                                                "input_typography_font_weight": "normal",
                                                "input_typography_text_transform": "none",
                                                "input_typography_font_style": "normal",
                                                "input_typography_line_height": {
                                                    "unit": "em",
                                                    "size": 2
                                                },
                                                "input_background_color": "#ffffff",
                                                "typography_typography": "custom",
                                                "typography_font_size": {
                                                    "unit": "px",
                                                    "size": 16
                                                },
                                                "typography_font_weight": "normal",
                                                "typography_text_transform": "none",
                                                "typography_font_style": "normal",
                                                "typography_line_height": {
                                                    "unit": "em",
                                                    "size": 1.5
                                                },
                                                "background_color": "#1fcfa5",
                                                "text_padding": {
                                                    "unit": "em",
                                                    "top": "",
                                                    "right": "",
                                                    "bottom": "",
                                                    "left": "",
                                                    "isLinked": true
                                                }
                                            },
                                            "elements": [],
                                            "isInner": false,
                                            "widgetType": "optin",
                                            "elType": "widget"
                                        }
                                    ],
                                    "isInner": true,
                                    "elType": "column"
                                }
                            ],
                            "isInner": true,
                            "elType": "section"
                        },
                        {
                            "id": "4567fb36",
                            "settings": {
                                "title": "Copyright \u00a92019 CourPress",
                                "header_size": "span",
                                "align": "center",
                                "title_color": "rgba(59,66,84,0.68)",
                                "typography_typography": "custom",
                                "typography_font_family": "Poppins",
                                "typography_font_size": {
                                    "unit": "px",
                                    "size": 14
                                },
                                "typography_font_weight": "normal",
                                "typography_text_transform": "capitalize",
                                "typography_font_style": "normal",
                                "typography_line_height": {
                                    "unit": "em",
                                    "size": 1.5
                                }
                            },
                            "elements": [],
                            "isInner": false,
                            "widgetType": "heading",
                            "elType": "widget"
                        }
                    ],
                    "isInner": false,
                    "elType": "column"
                }
            ],
            "isInner": false,
            "elType": "section"
        }
    ],
    "page_settings": {
        "background_background": "classic",
        "background_color": "#ffffff",
        "template": "elementor_canvas"
    }
}
