{
    "version": "0.4",
    "title": "041 Thank You 1",
    "type": "page",
    "content": [
        {
            "id": "40cdde36",
            "settings": {
                "layout": "full_width",
                "gap": "wide",
                "custom_height": {
                    "unit": "vh",
                    "size": 90
                },
                "column_position": "bottom",
                "structure": "20",
                "background_background": "classic",
                "background_image": {
                    "url": "https://raw.githubusercontent.com/muizzahabibi/elementor-image/main/image-kit-landing/Header-041-Element-BG.png",
                    "id": 5935
                },
                "background_position": "top center",
                "background_repeat": "no-repeat",
                "background_size": "contain",
                "padding": {
                    "unit": "em",
                    "top": "7",
                    "right": "0",
                    "bottom": "0",
                    "left": "0",
                    "isLinked": false
                },
                "html_tag": "section",
                "padding_mobile": {
                    "unit": "em",
                    "top": "2.5",
                    "right": "0",
                    "bottom": "0",
                    "left": "0",
                    "isLinked": false
                },
                "reverse_order_mobile": "reverse-mobile",
                "content_position": "middle"
            },
            "elements": [
                {
                    "id": "14596235",
                    "settings": {
                        "_column_size": 50,
                        "_inline_size": 39.85,
                        "content_position": "bottom",
                        "padding": {
                            "unit": "em",
                            "top": "0",
                            "right": "1.5",
                            "bottom": "0",
                            "left": "1.5",
                            "isLinked": false
                        }
                    },
                    "elements": [
                        {
                            "id": "5d4157ec",
                            "settings": {
                                "image": {
                                    "url": "https://raw.githubusercontent.com/muizzahabibi/elementor-image/main/image-kit-landing/Section-041-Book-Img-1.png",
                                    "id": 5932
                                },
                                "image_size": "full",
                                "space_tablet": {
                                    "unit": "%",
                                    "size": 100
                                },
                                "fb_value": "0"
                            },
                            "elements": [],
                            "isInner": false,
                            "widgetType": "image",
                            "elType": "widget"
                        }
                    ],
                    "isInner": false,
                    "elType": "column"
                },
                {
                    "id": "3d189a2c",
                    "settings": {
                        "_column_size": 50,
                        "_inline_size": 60.15,
                        "content_position": "top",
                        "padding": {
                            "unit": "em",
                            "top": "2",
                            "right": "5",
                            "bottom": "0",
                            "left": "2",
                            "isLinked": false
                        },
                        "padding_tablet": {
                            "unit": "em",
                            "top": "2",
                            "right": "5",
                            "bottom": "2",
                            "left": "2",
                            "isLinked": false
                        },
                        "padding_mobile": {
                            "unit": "em",
                            "top": "2",
                            "right": "2",
                            "bottom": "2",
                            "left": "2",
                            "isLinked": true
                        }
                    },
                    "elements": [
                        {
                            "id": "969d64f",
                            "settings": {
                                "title": "Terima Kasih",
                                "header_size": "p",
                                "align": "left",
                                "title_color": "#2a2657",
                                "typography_typography": "custom",
                                "typography_font_family": "Poppins",
                                "typography_font_size": {
                                    "unit": "px",
                                    "size": 64
                                },
                                "typography_font_weight": "bold",
                                "typography_text_transform": "capitalize",
                                "typography_font_style": "normal",
                                "align_mobile": "center",
                                "typography_font_size_tablet": {
                                    "unit": "px",
                                    "size": 48
                                },
                                "typography_font_size_mobile": {
                                    "unit": "px",
                                    "size": 40
                                }
                            },
                            "elements": [],
                            "isInner": false,
                            "widgetType": "heading",
                            "elType": "widget"
                        },
                        {
                            "id": "4297376c",
                            "settings": {
                                "title": "Sudah Mendownload Ebook Copywriting",
                                "header_size": "p",
                                "align": "left",
                                "title_color": "#2a2657",
                                "typography_typography": "custom",
                                "typography_font_family": "Poppins",
                                "typography_font_size": {
                                    "unit": "px",
                                    "size": 30
                                },
                                "typography_font_weight": "bold",
                                "typography_text_transform": "capitalize",
                                "typography_font_style": "normal",
                                "typography_line_height": {
                                    "unit": "em",
                                    "size": 1.5
                                },
                                "align_mobile": "center",
                                "typography_font_size_tablet": {
                                    "unit": "px",
                                    "size": 24
                                },
                                "typography_font_size_mobile": {
                                    "unit": "px",
                                    "size": 20
                                }
                            },
                            "elements": [],
                            "isInner": false,
                            "widgetType": "heading",
                            "elType": "widget"
                        },
                        {
                            "id": "22a58c1f",
                            "settings": {
                                "editor": "<p>Link Download <strong>petikeBook Copywriting\u201d</strong> akan disampaikan melalui email. Saat ini sistem kami sedang mengirimkan email infonya kepada Anda, mungkin membutuhkan waktu beberapa saat 3-10 menit, mohon ditunggu saja. Pastikan email yang anda daftarkan masih aktif sampai saat ini.</p>",
                                "align": "left",
                                "text_color": "rgba(42,38,87,0.68)",
                                "typography_typography": "custom",
                                "typography_font_family": "Poppins",
                                "typography_font_size": {
                                    "unit": "px",
                                    "size": 16
                                },
                                "typography_font_weight": "normal",
                                "typography_text_transform": "none",
                                "typography_font_style": "normal",
                                "typography_line_height": {
                                    "unit": "em",
                                    "size": 2
                                },
                                "_margin": {
                                    "unit": "%",
                                    "top": "",
                                    "right": "",
                                    "bottom": "",
                                    "left": "",
                                    "isLinked": true
                                },
                                "align_mobile": "center"
                            },
                            "elements": [],
                            "isInner": false,
                            "widgetType": "text-editor",
                            "elType": "widget"
                        },
                        {
                            "id": "6fcbe3b2",
                            "settings": {
                                "editor": "<p>Tidak ada email ? Silakan cek di <strong>folder inbox, promosi</strong> atau <strong>folder SPAM</strong></p>",
                                "align": "left",
                                "text_color": "rgba(42,38,87,0.68)",
                                "typography_typography": "custom",
                                "typography_font_family": "Poppins",
                                "typography_font_size": {
                                    "unit": "px",
                                    "size": 16
                                },
                                "typography_font_weight": "normal",
                                "typography_text_transform": "none",
                                "typography_font_style": "normal",
                                "typography_line_height": {
                                    "unit": "em",
                                    "size": 2
                                },
                                "_margin": {
                                    "unit": "%",
                                    "top": "",
                                    "right": "",
                                    "bottom": "",
                                    "left": "",
                                    "isLinked": true
                                },
                                "align_mobile": "center"
                            },
                            "elements": [],
                            "isInner": false,
                            "widgetType": "text-editor",
                            "elType": "widget"
                        }
                    ],
                    "isInner": false,
                    "elType": "column"
                }
            ],
            "isInner": false,
            "elType": "section"
        },
        {
            "id": "2bb8d28c",
            "settings": {
                "content_width": {
                    "unit": "px",
                    "size": 900
                },
                "gap": "wide",
                "content_position": "middle",
                "background_background": "classic",
                "background_color": "#2a2657",
                "background_image": {
                    "url": "https://raw.githubusercontent.com/muizzahabibi/elementor-image/main/image-kit-landing/Footer-041-Element-BG.png",
                    "id": 5936
                },
                "background_position": "top left",
                "background_repeat": "no-repeat",
                "padding": {
                    "unit": "em",
                    "top": "3",
                    "right": "1",
                    "bottom": "3",
                    "left": "1",
                    "isLinked": false
                }
            },
            "elements": [
                {
                    "id": "2cfd526",
                    "settings": {
                        "_column_size": 100,
                        "content_position": "center",
                        "padding_mobile": {
                            "unit": "em",
                            "top": "0",
                            "right": "0",
                            "bottom": "0",
                            "left": "0",
                            "isLinked": false
                        }
                    },
                    "elements": [
                        {
                            "id": "56b85ccd",
                            "settings": {
                                "title": "Bagikan Ebook ini di Social Media Anda dan Dapatkan",
                                "header_size": "p",
                                "align": "center",
                                "title_color": "#ffffff",
                                "typography_typography": "custom",
                                "typography_font_family": "Poppins",
                                "typography_font_size": {
                                    "unit": "px",
                                    "size": 24
                                },
                                "typography_font_weight": "bold",
                                "typography_text_transform": "capitalize",
                                "typography_font_style": "normal",
                                "typography_line_height": {
                                    "unit": "em",
                                    "size": 1.5
                                },
                                "typography_font_size_mobile": {
                                    "unit": "px",
                                    "size": 20
                                }
                            },
                            "elements": [],
                            "isInner": false,
                            "widgetType": "heading",
                            "elType": "widget"
                        },
                        {
                            "id": "1f9c0758",
                            "settings": {
                                "title": "Samsung Galaxy Z10",
                                "header_size": "p",
                                "align": "center",
                                "title_color": "#ffffff",
                                "typography_typography": "custom",
                                "typography_font_family": "Poppins",
                                "typography_font_size": {
                                    "unit": "px",
                                    "size": 30
                                },
                                "typography_font_weight": "bold",
                                "typography_text_transform": "capitalize",
                                "typography_font_style": "normal",
                                "typography_line_height": {
                                    "unit": "em",
                                    "size": 1.5
                                },
                                "typography_font_size_mobile": {
                                    "unit": "px",
                                    "size": 28
                                }
                            },
                            "elements": [],
                            "isInner": false,
                            "widgetType": "heading",
                            "elType": "widget"
                        },
                        {
                            "id": "327c51df",
                            "settings": {
                                "title": "Kita Akan Memilih Pemenang Yang Membagikan Ebook ini Secara Acak",
                                "header_size": "p",
                                "align": "center",
                                "title_color": "rgba(255,255,255,0.68)",
                                "typography_typography": "custom",
                                "typography_font_family": "Nunito Sans",
                                "typography_font_size": {
                                    "unit": "px",
                                    "size": 16
                                },
                                "typography_font_weight": "normal",
                                "typography_text_transform": "none",
                                "typography_font_style": "normal",
                                "typography_line_height": {
                                    "unit": "em",
                                    "size": 1.5
                                }
                            },
                            "elements": [],
                            "isInner": false,
                            "widgetType": "heading",
                            "elType": "widget"
                        },
                        {
                            "id": "2f16d4d8",
                            "settings": {
                                "social_icon_list": [
                                    {
                                        "social": "fa fa-facebook",
                                        "_id": "911ede6",
                                        "link": {
                                            "url": "",
                                            "is_external": "true",
                                            "nofollow": ""
                                        },
                                        "social_icon": {
                                            "value": "fab fa-facebook-f",
                                            "library": "fa-brands"
                                        },
                                        "item_icon_color": "default",
                                        "item_icon_primary_color": "",
                                        "item_icon_secondary_color": "",
                                        "__fa4_migrated": {
                                            "social_icon": true
                                        }
                                    },
                                    {
                                        "social": "fa fa-twitter",
                                        "_id": "7e7e6a8",
                                        "link": {
                                            "url": "",
                                            "is_external": "true",
                                            "nofollow": ""
                                        },
                                        "social_icon": {
                                            "value": "fab fa-twitter",
                                            "library": "fa-brands"
                                        },
                                        "item_icon_color": "default",
                                        "item_icon_primary_color": "",
                                        "item_icon_secondary_color": "",
                                        "__fa4_migrated": {
                                            "social_icon": true
                                        }
                                    }
                                ],
                                "icon_spacing": {
                                    "unit": "px",
                                    "size": 25
                                },
                                "border_radius": {
                                    "unit": "px",
                                    "top": "5",
                                    "right": "5",
                                    "bottom": "5",
                                    "left": "5",
                                    "isLinked": true
                                },
                                "align_mobile": "center",
                                "_margin": {
                                    "unit": "px",
                                    "top": "40",
                                    "right": "0",
                                    "bottom": "0",
                                    "left": "0",
                                    "isLinked": false
                                },
                                "_margin_mobile": {
                                    "unit": "%",
                                    "top": "",
                                    "right": "",
                                    "bottom": "",
                                    "left": "",
                                    "isLinked": true
                                }
                            },
                            "elements": [],
                            "isInner": false,
                            "widgetType": "social-icons",
                            "elType": "widget"
                        },
                        {
                            "id": "51edc1f7",
                            "settings": {
                                "color": "rgba(255,255,255,0.1)",
                                "align": "center",
                                "gap": {
                                    "unit": "px",
                                    "size": 35
                                },
                                "gap_mobile": {
                                    "unit": "px",
                                    "size": 20
                                },
                                "text": "Divider"
                            },
                            "elements": [],
                            "isInner": false,
                            "widgetType": "divider",
                            "elType": "widget"
                        },
                        {
                            "id": "42b2025",
                            "settings": {
                                "title": "\u00a9 2019 Ebook All Right Reserved",
                                "header_size": "span",
                                "align": "center",
                                "title_color": "rgba(255,255,255,0.68)",
                                "typography_typography": "custom",
                                "typography_font_family": "Poppins",
                                "typography_font_size": {
                                    "unit": "px",
                                    "size": 12
                                },
                                "typography_font_weight": "normal",
                                "typography_text_transform": "none"
                            },
                            "elements": [],
                            "isInner": false,
                            "widgetType": "heading",
                            "elType": "widget"
                        }
                    ],
                    "isInner": false,
                    "elType": "column"
                }
            ],
            "isInner": false,
            "elType": "section"
        }
    ],
    "page_settings": {
        "background_background": "classic",
        "background_color": "#ffffff",
        "template": "elementor_canvas"
    }
}
